,Unnamed: 0,author,b_name,p_num,text
0,0,moulavi,shams ghazalsh,20,ای رستخیز ناگهان وی رحمت بی‌منتها ای آتشی افروخته، در بیشه اندیشه‌ها امروز خندان آمدی، مفتاح زندان آمدی بر مستمندان آمدی، چون بخشش و فضل خدا خورشید را حاجب توی، اومید را واجب توی مطلب توی طالب توی، هم منتها هم مبتدا در سینه‌ها برخاسته، اندیشه را آراسته هم خویش حاجت خواسته، هم خویشتن کرده روا ای روح بخش بی‌بدل، وی لذّت علم و عمل باقی بهانه‌ست و دغل، کاین علّت آمد وان دوا ما زان دغل کژبین شده، با بی‌گنه در کین شده گه مست حورالعین شده، گه مست نان و شوربا این سُکر بین هِل عقل را، وین نُقل بین هِل نَقل را کز بهر نان و بقل را، چندین نشاید ماجرا تدبیر صدرنگ افکنی، بر روم و بر زنگ افکنی و اندر میان جنگ افکنی، «فی اِصطِناعٍ لا یُری» می‌مال پنهان گوش جان، می‌نه بهانه بر کسان جان «رَبِّ خَلِّصنی» زنان، والله که لاغ است ای کیا خامش که بس مُستَعجِلَم، رفتم سوی پای علم کاغذ بنه بشکن قلم، ساقی درآمد الصلا ای طایِرانِ قُدْسْ را، عشقَت فُزوده بال‌ها، در حلقهٔ سودایِ تو، روحانیانْ را حال‌ها، در «لا اُحِبُّ الْآفِلین»، پاکی ز صورت‌ها، یَقین؛ در دیده‌های غیب‌بین، هر دَم زِ تو تِمثال‌ها افلاکْ از تو سرنگون، خاک از تو چونْ دریایِ خون؛ ماهَت نخوانم، ای فُزونَ ازْ ماه‌ها و سال‌ها کوهَ ازْ غَمت بِشْکافْتِه، وان غَمْ به دل دَرتافْتِه؛ یک قَطرِه خونی یافْتِه از فَضلَت این اَفضال‌ها اِی سَروَرانْ را تو سَّنَد، بِشْمار ما را زان عَدَد دانی سَران را هم بُوَد اَندر تَبَعْ دُنبال‌ها سازی زِ خاکی سیّدی، بر وِی فرشته حاسِدی، با نقدِ تو جانْ کاسِدی؛ پامال گَشْتِه مال‌ها آن کاو تو باشی بالِ او؛ ای رفعت و اِجلالِ او، آن کاو چُنین شُد حالِ او، بر روی دارد خال‌ها گیرم که خارَمْ خارِ بَد، خار از پیِ گُل می‌زَهَد؛ صَرّافِ زَر هم می‌نَهَد، جُو، بر سَرِ مِثقال‌ها فِکری بُدَه‌سْت اَفعال‌ها، خاکی بُدَه‌سْت اینْ مال‌ها؛ قالی بُدَه‌سْت اینْ حال‌ها، حالی بُدَه‌سْت اینْ قال‌ها آغازِ عالَمْ غُلْغُلِه، پایانِ عالَمْ زِلْزِلِه؛ عشقی و شُکْری با گِله، آرام با زِلْزال‌ها توقیعِ شَمْس آمَد شَفَق، طُغرایِ دولت، عشقِ حَق فالِ وِصال آرَد سَبَق، کان عشق زَد اینْ فال‌ها از «رَحمَةٌ لِلْعالَمین» ِاقبالِ دَرویشانْ بِبین؛ چون مَهْ مُنَوَّرْ، خِرقه‌ها، چون گُلْ مُعَطّر، شال‌ها عِشقَ امْرِ کُل، ما رُقعِه‌ای، او قُلْزُم و ما جُرعِه‌ای او صَد دَلیل آوردِه و ما کردِه اِستِدلال‌ها از عشق، گَردون مُؤتَلِف، بی‌عشق، اَختَر مُنْخَسِف؛ از عشقْ گَشتِه دالَ الِف، بی‌عشقَ الِف چون دال‌ها آبِ حَیات آمد سُخُن، کایَد زِ عِلْمِ من لَدُن جانْ را از او خالی مَکُن، تا بَردَهَد اَعمال‌ها بر اَهلِ مَعنی شُد سُخن، اِجمال‌ها تَفصیل‌ها بر اهلِ صورت شُد سُخن، تَفصیل‌ها اِجمال‌ها گر شِعرها گفتند پُر، پُر بِهْ بُوَد دریا زِ دُر کز ذوقِ شِعر آخر شُتُر خوش می‌کِشَد تَرحال‌ها ای دل چه اندیشیده‌ای در عذر آن تقصیرها؟ زان سوی او چندان وفا زین سوی تو چندین جفا زان سوی او چندان کرم زین سو خلاف و بیش و کم زان سوی او چندان نعم زین سوی تو چندین خطا زین سوی تو چندین حسد چندین خیال و ظن بد زان سوی او
1,1,moulavi,shams mostadrakat,2,کدیه‌ای می‌کنم سبک بشنو خبر عشق می‌دهم بگرو نفسی با خودم قرینی ده که به میزان نهند با زر جو تو نوی بخش و بندهٔ تو کهن کهنم را به یک نظر کن نو پیشهٔ کیمیا خود این باشد که مس تیره را ببخشد ضو کرمت را بگوی تا بدهد درخور شام بنده روغن عو ای دل آن شاه سوی بی‌سویی است خلق هرسو دوند تو کم دو فکر مردم به هر سوی گرواست تو ب لاحول فکر را کن خو بی‌سوی عالمی است بس عالی شش جهت وادییست بس درگو کار امروز را مگو فردا تا نه حسرت خوری نه گویی لو چشمکت می‌زند رقیب غیور چشم ازو بر مگیر لاتطغو شمس تبریز! خضر عین یقین وارهان خلق را ز عین‌السو قصابی سوی گولی گوشت انداخت چو دیدش زفت گوشت گاو پنداشت یکی ران دگر سوی وی افکند بگفتا گاو مرده‌ست این زهی گند خدا بخشید آنچ اسباب کامست تو گفتی چیست این؟ خود داد عامست کنون شد عام کان با تو بپیوست نجس شد چونک در کردی درو دست نسازد گول را بخل و سخاوت که گردد هر دوش مایهٔ عداوت گریز از گول اندر سور و ماتم چو عیسی ای پدر والله اعلم
2,2,moulavi,shams tarjeeat,20,هم روت خوش هم خوت خوش هم پیچ زلف و هم قفا هم شیوه خوش هم میوه خوش هم لطف تو خوش هم جفا ای صورت عشق ابد وی حسن تو بیرون ز حد ای ماه روی سروقد ای جان‌فزای دلگشا ای جان باغ و یاسمین ای شمع افلاک و زمین ای مستغاث العاشقین ای شهسوار هل اتی ای خوان لطف انداخته و با لئیمان ساخته طوطی و کبک و فاخته گفته ترا خطبهٔ ثنا ای دیدهٔ خوبان چین در روی تو نادیده چین دامن ز گولان در مچین مخراش رخسار رضا ای خسروان درویش تو سرها نهاده پیش تو جمله ثنا اندیش تو ای تو ثناها را سزا ای صبر بخش زاهدان اخلاص بخش عابدان وی گلستان عارفان در وقت بسط و التقا با عاشقانم جفت من امشب نخواهم خفت من خواهم دعا کردن ترا ای دوست تا وقت دعا دارم رفیقان از برون دارم حریفان درون در خانه جوقی دلبران بر صفه اخوان صفا تنها به سیران می‌روی یا پیش مستان می‌روی یا سوی جانان می‌روی باری خرامان می‌روی در پیش چوگان قدر گویی شدم بی‌پا و سر برگیر و با خویشم ببر گر سوی میدان می‌روی از شمس تنگ آید ترا مه تیره رنگ آید ترا افلاک تنگ آید ترا گر بهر جولان می‌روی بس نادره یار آمدی بس خواب دلدار آمدی بس دیر و دشوار آمدی بس زود و آسان می‌روی ای دلبر خورشیدرو وی عیسی بیمارجو ای شاد آن قومی که تو در کوی ایشان می‌روی تو سر به سر جانی مگر یا خضر دورانی مگر یا آب حیوانی مگر کز خلق پنهان می‌روی ای قبلهٔ اندیشه‌ها شیر خدا در بیشه‌ها ای رهنمای پیشه‌ها چون عقل در جان می‌روی گه جام هش را می‌برد پردهٔ حیا برمی‌درد گه روح را گوید خرد: چون سوی هجران می‌روی هجران چه هرجا که تو گردی برای جست‌وجو چون ابر با چشمان تر با ماه تابان می‌روی یک مسئله می‌پرسمت ای روشنی در روشنی آن چه فسون در می دمی غم را چو شادی می‌کنی خود در فسون شیرین لبی مانند داود نبی آهن چو مومی می‌شود بر می کنیش از آهنی نی بلک شاه مطلقی به گلبرک ملک حقی شاگرد خاص خالقی از جمله افسونها غنی تا من ترا بشناختم بس اسب دولت تاختم خود را برون انداختم از ترسها در ایمنی هر لحظه‌ای جان نوم هردم به باغی می‌روم بی‌دست و بی‌دل می‌شوم چون دست بر من می‌زنی نی چرخ دانم نی سها نی کاله دانم نی بها با اینک نادانم مها دانم که آرام منی ای رازق ملک و ملک وی قطب دوران فلک حاشا از آن حسن و نمک که دل ز مهمان برکنی خوش ساعتی کان سرو من سرسبز باشد در چمن وز باد سودا پیش او چون بید باشم منثنی لاله بخون غسلی کند نرگس به حیرت برتند غنچه بیندازد کله سوسن فتد از سوسنی آن چشم شوخش را نگر مست از خرابات آمده در قصد خون عاشقان دامن کمر اندر زده سوگند خوردست آن صنم کین باده را گردان کنم یک عقل نگذارم بمی در والد و در والده زین باده‌شان افسون
3,3,moulavi,shams daftar1,20,دفتر دفتر
4,4,moulavi,shams daftar2,20,دفتر دفتر
5,5,moulavi,shams daftar3,20,دفتر دفتر
6,6,moulavi,shams daftar4,20,دفتر دفتر
7,7,moulavi,shams daftar5,20,دفتر دفتر
8,8,moulavi,shams daftar6,20,دفتر دفتر
9,9,moulavi,shams fhmfh,20,سلام سلام
10,10,ferdousi,shahname aghaz,12,به نام خداوند جان و خرد کز این برتر اندیشه بر نگذرد خداوند نام و خداوند جای خداوند روزی ده رهنمای خداوند کیوان و گَردان سپهر فروزندهٔ ماه و ناهید و مهر ز نام و نشان و گمان برتر است نگارندهٔ بر شده پیکر است به بینندگان آفریننده را نبینی مرنجان دو بیننده را نیابد بدو نیز اندیشه راه که او برتر از نام و از جایگاه سخن هر چه زین گوهران بگذرد نیابد بدو راه جان و خرد خرد گر سخن برگزیند همی همان را گزیند، که بیند همی ستودن نداند کس، او را چو هست میان بندگی را ببایدت بست خرد را و جان را همی سنجد اوی در اندیشهٔ سخته کی گنجد اوی بدین آلت رای و جان و زبان ستود آفریننده را کی توان به هستیش باید که خستو شوی ز گفتار بی‌کار یک‌سو شوی پرستنده باشی و جوینده راه به ژرفی به فرمانش کردن نگاه توانا بود هر که دانا بود ز دانش دل پیر برنا بود از این پرده برتر سخن‌گاه نیست ز هستی مر اندیشه را راه نیست کنون ای خردمند وصف خرد بدین جایگه گفتن اندر خورد کنون تا چه داری بیار از خرد که گوش نیوشنده ز او بر خورد خرد بهتر از هر چه ایزد بداد ستایش خرد را به از راه داد خرد رهنمای و خرد دلگشای خرد دست گیرد به هر دو سرای از او شادمانی و ز اویت غمی است و ز اویت فزونی و ز اویت کمی است خرد تیره و مرد روشن روان نباشد همی شادمان یک زمان چه گفت آن خردمند مرد خرد که دانا ز گفتار او بر خورد کسی کو خرد را ندارد ز پیش دلش گردد از کردهٔ خویش ریش هشیوار دیوانه خواند ورا همان خویش بیگانه داند ورا از اویی به هر دو سرای ارجمند گسسته خرد پای دارد به بند خرد چشم جان است چون بنگری تو بی‌چشم شادان جهان نسپری نخست آفرینش خرد را شناس نگهبان جان است و آن سه پاس سه پاس تو چشم است و گوش و زبان کز این سه رسد نیک و بد بی‌گمان خرد را و جان را که یارد ستود و گر من ستایم که یارد شنود حکیما چو کس نیست گفتن چه سود از این پس بگو کآفرینش چه بود تویی کردهٔ کردگار جهان ببینی همی آشکار و نهان به گفتار دانندگان راه جوی به گیتی بپوی و به هر کس بگوی ز هر دانشی چون سخن بشنوی از آموختن یک زمان نغنوی چو دیدار یابی به شاخ سخن بدانی که دانش نیاید به بن از آغاز باید که دانی درست سر مایهٔ گوهران از نخست که یزدان ز ناچیز چیز آفرید بدان تا توانایی آرد پدید سرِ مایهٔ گوهران این چهار بر آورده بی‌رنج و بی‌روزگار یکی آتشی بر شده تابناک میان آب و باد از بر تیره خاک نخستین که آتش به جنبش دمید ز گرمیش پس خشکی آمد پدید و زان پس ز آرام سردی نمود ز سردی همان باز تری فزود چو این چار گوهر به جای آمدند ز بهر سپنجی سرای آمدند گهرها یک اندر
11,11,ferdousi,shahname qmars,2,سخن‌گوی دهقان چه گوید نخست که نام بزرگی به گیتی که جست که بود آن که دیهیم بر سر نهاد ندارد کس آن روزگاران به یاد مگر کز پدر یاد دارد پسر بگوید تو را یک به یک در به در که نام بزرگی که آورد پیش که را بود از آن برتران پایه بیش پژوهندهٔ نامهٔ باستان که از پهلوانان زند داستان چنین گفت کآیین تخت و کلاه کیومرث آورد و او بود شاه چو آمد به برج حَمَل آفتاب جهان گشت با فرَ و آیین و آب بتابید از آن سان ز برج بره که گیتی جوان گشت از آن یک‌سره کیومرث شد بر جهان کدخدای نخستین به کوه اندرون ساخت جای سر بخت و تختش بر آمد به کوه پلنگینه پوشید خود با گروه از او اندر آمد همی پرورش که پوشیدنی نو بُد و نو خورش به گیتی درون سال سی شاه بود به خوبی چو خورشید بر گاه بود همی تافت زو فرّ شاهنشهی چو ماه دو هفته ز سرو سهی دد و دام و هر جانور کش بدید ز گیتی به نزدیک او آرمید دوتا می‌شدندی بر تخت او از آن بر شده فرّه و بخت او به رسم نماز آمدندیش پیش و ز او برگرفتند آیین خویش پسر بد مر او را یکی خوب‌روی هنرمند و همچون پدر نامجوی سیامک بُدش نام و فرخنده بود کیومرث را دل بدو زنده بود به جانش بر از مهر گریان بدی ز بیم جداییش بریان بدی بر آمد بر این کار یک روزگار فروزنده شد دولت شهریار به گیتی نبودش کسی دشمنا مگر بدکنش ریمن آهرمنا به رشک اندر آهرمن بدسگال همی رای زد تا ببالید بال یکی بچه بودش چو گرگ سترگ دلاور شده با سپاه بزرگ جهان شد بر آن دیو بچّه سیاه ز بخت سیامک و زان پایگاه سپه کرد و نزدیک او راه جست همی تخت و دیهیم کی شاه جست همی گفت با هر کسی رای خویش جهان کرد یک‌سر پر آوای خویش کیومرث زین خود کی آگاه بود که تخت مهی را جز او شاه بود یکایک بیامد خجسته سروش به سان پری پلنگینه پوش بگفتش ورا زین سخن در به در که دشمن چه سازد همی با پدر سخن چون به گوش سیامک رسید ز کردار بدخواه دیو پلید دل شاه بچّه بر آمد به جوش سپاه انجمن کرد و بگشاد گوش بپوشید تن را به چرم پلنگ که جوشن نبود و نه آیین جنگ پذیره شدش دیو را جنگجوی سپه را چو روی اندر آمد به روی سیامک بیامد برهنه تنا بر آویخت با پور آهرمنا بزد چنگ وارونه دیو سیاه دوتا اندر آورد بالای شاه فکند آن تن شاهزاده به خاک به چنگال کردش کمرگاه چاک سیامک به دست خروزان دیو تبه گشت و ماند انجمن بی‌خدیو چو آگه شد از مرگ فرزند شاه ز تیمار گیتی بر او شد سیاه فرود آمد از تخت ویله کنان زنان بر سر و موی و رخ را کَنان دو رخساره پر خون و دل سوگوار دو دیده پر از نم چو ابر بهار خروشی بر آمد ز لشکر به
12,12,ferdousi,shahname hushang,3,جهاندار هوشنگ با رای و داد به جای نیا تاج بر سر نهاد بگشت از برش چرخ سالی چهل پر از هوش مغز و پر از رای دل چو بنشست بر جایگاه مهی چنین گفت بر تخت شاهنشهی که بر هفت کشور منم پادشا جهاندار پیروز و فرمانروا به فرمان یزدان پیروزگر به داد و دهش تنگ بستم کمر و زان پس جهان یک‌سر آباد کرد همه روی گیتی پر از داد کرد نخستین یکی گوهر آمد به چنگ به آتش ز آهن جدا کرد سنگ سر مایه کرد آهن آبگون کز آن سنگ خارا کشیدش برون یکی روز شاه جهان سوی کوه گذر کرد با چند کس هم‌گروه پدید آمد از دور چیزی دراز سیه رنگ و تیره تن و تیز تاز دو چشم از بر سر چو دو چشمه خون ز دود دهانش جهان تیره‌گون نگه کرد هوشنگ باهوش و سنگ گرفتش یکی سنگ و شد تیز چنگ به زور کیانی رهانید دست جهان‌سوز مار از جهان‌جوی جست بر آمد به سنگ گران سنگ خرد همان و همین سنگ بشکست گرد فروغی پدید آمد از هر دو سنگ دل سنگ گشت از فروغ آذرنگ نشد مار کشته ولیکن ز راز از این طبع سنگ آتش آمد فراز جهاندار پیش جهان آفرین نیایش همی کرد و خواند آفرین که او را فروغی چنین هدیه داد همین آتش آنگاه قبله نهاد بگفتا فروغی است این ایزدی پرستید باید اگر بخردی شب آمد بر افروخت آتش چو کوه همان شاه در گرد او با گروه یکی جشن کرد آن شب و باده خْوَرد سده نام آن جشن فرخنده کرد ز هوشنگ ماند این سده یادگار بسی باد چون او دگر شهریار کز آباد کردن جهان شاد کرد جهانی به نیکی از او یاد کرد چو بشناخت آهنگری پیشه کرد از آهنگری ارّه و تیشه کرد چو این کرده شد چارهٔ آب ساخت ز دریای‌ها رودها را بتاخت به جوی و به رود آب‌ها راه کرد به فرخندگی رنج کوتاه کرد چراگاه مردم بدان برفزود پراگند پس تخم و کشت و درود برنجید پس هر کسی نان خویش بورزید و بشناخت سامان خویش بدان ایزدی جاه و فرّ کیان ز نخچیر گور و گوزن ژیان جدا کرد گاو و خر و گوسفند به ورز آورید آن‌چه بُد سودمند ز پویندگان هر چه مویش نکوست بکشت و به سرشان برآهیخت پوست چو روباه و قاقم چو سنجاب نرم چهارم سمور است کش موی گرم بر این گونه از چرم پویندگان بپوشید بالای گویندگان برنجید و گسترد و خورد و سپرد برفت و به جز نام نیکی نبرد بسی رنج برد اندر آن روزگار به افسون و اندیشهٔ بی‌شمار چو پیش آمدش روزگار بهی از او مردری ماند تخت مهی زمانه ندادش زمانی درنگ شد آن هوش هوشنگ با فرّ و سنگ نپیوست خواهد جهان با تو مهر نه نیز آشکارا نمایدت چهر
13,13,ferdousi,shahname jamshid,4,گرانمایه جمشید فرزند او کمر بست یک‌دل پر از پند او برآمد بر آن تخت فرّخ پدر به رسم کیان بر سرش تاج زر کمر بست با فرّ شاهنشهی جهان گشت سرتاسر او را رهی زمانه بر آسود از داوری به فرمان او دیو و مرغ و پری جهان را فزوده بدو آبروی فروزان شده تخت شاهی بدوی منم گفت با فرّهٔ ایزدی همم شهریاری همم موبدی بدان را ز بد دست کوته کنم روان را سوی روشنی ره کنم نخست آلت جنگ را دست برد در نام جستن به گردان سپرد به فرّ کیی نرم کرد آهنا چو خود و زره کرد و چون جوشنا چو خفتان و تیغ و چو برگستوان همه کرد پیدا به روشن روان بدین اندرون سال پنجاه رنج ببرد و از این چند بنهاد گنج دگر پنجه اندیشهٔ جامه کرد که پوشند هنگام ننگ و نبرد ز کتّان و ابریشم و موی قز قصب کرد پر مایه دیبا و خز بیاموختشان رشتن و تافتن به تار اندرون پود را بافتن چو شد بافته شستن و دوختن گرفتند از او یک‌سر آموختن چو این کرده شد ساز دیگر نهاد زمانه بدو شاد و او نیز شاد ز هر انجمن پیشه‌ور گرد کرد بدین اندرون نیز پنجاه خورد گروهی که کاتوزیان خوانی‌اش به رسم پرستندگان دانی‌اش جدا کردشان از میان گروه پرستنده را جایگه کرد کوه بدان تا پرستش بود کارشان نوان پیش روشن جهاندارشان صفی بر دگر دست بنشاندند همی نام نیساریان خواندند کجا شیر مردان جنگ آورند فروزندهٔ لشکر و کشورند کز ایشان بود تخت شاهی به جای و ز ایشان بود نام مردی به پای بسودی سه دیگر گره را شناس کجا نیست از کس بر ایشان سپاس بکارند و ورزند و خود بدروند به گاه خورش سرزنش نشنوند ز فرمان تن‌آزاده و ژنده‌پوش ز آواز پیغاره آسوده گوش تن آزاد و آباد گیتی بر اوی بر آسوده از داور و گفتگوی چه گفت آن سخن‌گوی آزاده مرد که آزاده را کاهلی بنده کرد چهارم که خوانند اهتو خوشی همان دست‌ورزان ابا سرکشی کجا کارشان همگنان پیشه بود روانشان همیشه پر اندیشه بود بدین اندرون سال پنجاه نیز بخورد و بورزید و بخشید چیز از این هر یکی را یکی پایگاه سزاوار بگزید و بنمود راه که تا هر کس اندازهٔ خویش را ببیند بداند کم و بیش را بفرمود پس دیو ناپاک را به آب اندر آمیختن خاک را هر آنچ از گل آمد چو بشناختند سبک خشت را کالبد ساختند به سنگ و به گچ دیو دیوار کرد نخست از برش هندسی کار کرد چو گرمابه و کاخ‌های بلند چو ایوان که باشد پناه از گزند ز خارا گهر جست یک روزگار همی کرد از او روشنی خواستار به چنگ آمدش چند گونه گهر چو یاقوت و بیجاده و سیم و زر ز خارا به افسون برون آورید شد آراسته بندها را کلید دگر بوی‌های خوش آورد باز که دارند مردم به بویش نیاز چو بان و چو کافور و چون مشک ناب چو عود و چو عنبر چو روشن گلاب پزشکی و درمان هر دردمند در تندرستی و راه گزند
14,14,ferdousi,shahname zahak,12,چو ضحاک شد بر جهان شهریار بر او سالیان انجمن شد هزار سراسر زمانه بدو گشت باز برآمد بر این روزگار دراز نهان گشت کردار فرزانگان پراگنده شد کام دیوانگان هنر خوار شد جادویی ارجمند نهان راستی آشکارا گزند شده بر بدی دست دیوان دراز به نیکی نرفتی سخن جز به راز دو پاکیزه از خانهٔ جمّشید برون آوریدند لرزان چو بید که جمشید را هر دو دختر بدند سر بانوان را چو افسر بدند ز پوشیده‌رویان یکی شهرناز دگر پاکدامن به نام ارنواز به ایوان ضحاک بردندشان بر آن اژدهافش سپردندشان بپروردشان از ره جادویی بیاموختشان کژی و بدخویی ندانست جز کژی آموختن جز از کشتن و غارت و سوختن چنان بد که هر شب دو مرد جوان چه کهتر چه از تخمهٔ پهلوان خورشگر ببردی به ایوان شاه همی ساختی راه درمان شاه بکشتی و مغزش بپرداختی مر آن اژدها را خورش ساختی دو پاکیزه از گوهر پادشا دو مرد گرانمایه و پارسا یکی نام ارمایل پاک‌دین دگر نام گرمایل پیشبین چنان بد که بودند روزی به هم سخن رفت هر گونه از بیش و کم ز بیدادگر شاه و ز لشکرش و زان رسم‌های بد اندر خورش یکی گفت ما را به خوالیگری بباید بر شاه رفت آوری و زان پس یکی چاره‌ای ساختن ز هر گونه اندیشه انداختن مگر زین دو تن را که ریزند خون یکی را توان آوریدن برون برفتند و خوالیگری ساختند خورش‌ها و اندازه بشناختند خورش خانهٔ پادشاه جهان گرفت آن دو بیدار دل در نهان چو آمد به هنگام خون ریختن به شیرین روان اندر آویختن از آن روزبانان مردم‌کشان گرفته دو مرد جوان را کشان زنان پیش خوالیگران تاختند ز بالا به روی اندر انداختند پر از درد خوالیگران را جگر پر از خون دو دیده پر از کینه سر همی بنگرید این بدان آن بدین ز کردار بیداد شاه زمین از آن دو یکی را بپرداختند جز این چاره‌ای نیز نشناختند برون کرد مغز سر گوسفند بیامیخت با مغز آن ارجمند یکی را به جان داد زنهار و گفت نگر تا بیاری سر اندر نهفت نگر تا نباشی به آباد شهر تو را از جهان دشت و کوه است بهر به جای سرش زان سری بی‌بها خورش ساختند از پی اژدها از این گونه هر ماهیان سی‌جوان از ایشان همی یافتندی روان چو گرد آمدی مرد از ایشان دویست بر آن سان که نشناختندی که کیست خورشگر بدیشان بزی چند و میش سپردی و صحرا نهادند پیش کنون کُرد از آن تخمه دارد نژاد که ز آباد ناید به دل برش یاد پس آیین ضحاک وارونه خوی چنان بد که چون می‌بدش آرزوی ز مردان جنگی یکی خواستی بکشتی چو با دیو برخاستی کجا نامور دختری خوبروی به پرده درون بود بی‌گفت‌گوی پرستنده کردیش بر پیش خویش نه بر رسم دین و نه بر رسم کیش چو از روزگارش چهل سال ماند نگر تا به سر برش یزدان چه راند در ایوان شاهی شبی دیر یاز به خواب اندرون بود با ارنواز چنان دید کز کاخ شاهنشهان سه جنگی پدید آمدی ناگهان دو مهتر یکی کهتر اندر میان به
15,15,ferdousi,shahname fereydoon,20,فریدون چو شد بر جهان کامگار ندانست جز خویشتن شهریار به رسم کیان تاج و تخت مهی بیاراست با کاخ شاهنشهی به روز خجسته سر مهرماه به سر بر نهاد آن کیانی کلاه زمانه بی‌اندوه گشت از بدی گرفتند هر کس ره ایزدی دل از داوریها بپرداختند به آیین یکی جشن نو ساختند نشستند فرزانگان شادکام گرفتند هر یک ز یاقوت جام می روشن و چهرهٔ شاه نو جهان نو ز داد و سر ماه نو بفرمود تا آتش افروختند همه عنبر و زعفران سوختند پرستیدن مهرگان دین اوست تن آسانی و خوردن آیین اوست اگر یادگارست ازو ماه مهر بکوش و به رنج ایچ منمای چهر ورا بد جهان سالیان پانصد نیفکند یک روز بنیاد بد جهان چون برو بر نماند ای پسر تو نیز آز مپرست و انده مخور نماند چنین دان جهان برکسی درو شادکامی نیابی بسی فرانک نه آگاه بد زین نهان که فرزند او شاه شد بر جهان ز ضحاک شد تخت شاهی تهی سرآمد برو روزگار مهی پس آگاهی آمد ز فرخ پسر به مادر که فرزند شد تاجور نیایش کنان شد سر و تن بشست به پیش جهانداور آمد نخست نهاد آن سرش پست بر خاک بر همی خواند نفرین به ضحاک بر همی آفرین خواند بر کردگار برآن شادمان گردش روزگار وزان پس کسی را که بودش نیاز همی داشت روز بد خویش راز نهانش نوا کرد و کس را نگفت همان راز او داشت اندر نهفت یکی هفته زین گونه بخشید چیز چنان شد که درویش نشناخت نیز دگر هفته مر بزم را کرد ساز مهانی که بودند گردن فراز بیاراست چون بوستان خان خویش مهان را همه کرد مهمان خویش وزان پس همه گنج آراسته فراز آوریده نهان خواسته همان گنجها راگشادن گرفت نهاده همه رای دادن گرفت گشادن در گنج را گاه دید درم خوار شد چون پسر شاه دید همان جامه و گوهر شاهوار همان اسپ تازی به زرین عذار همان جوشن و خود و زوپین و تیغ کلاه و کمر هم نبودش دریغ همه خواسته بر شتر بار کرد دل پاک سوی جهاندار کرد فرستاد نزدیک فرزند چیز زبانی پر از آفرین داشت نیز چو آن خواسته دید شاه زمین بپذرفت و بر مام کرد آفرین بزرگان لشگر چو بشناختند بر شهریار جهان تاختند که ای شاه پیروز یزدانشناس ستایش مر او را زویت سپاس چنین روز روزت فزون باد بخت بد اندیشگان را نگون باد بخت ترا باد پیروزی از آسمان مبادا به جز داد و نیکی گمان وزان پس جهاندیدگان سوی شاه ز هر گوشه‌ای برگرفتند راه همه زر و گوهر برآمیختند به تاج سپهبد فرو ریختند همان مهتران از همه کشورش بدان خرمی صف زده بر درش ز یزدان همی خواستند آفرین بران تاج و تخت و کلاه و نگین همه دست برداشته به آسمان همی خواندندش به نیکی گمان که جاوید بادا چنین شهریار برومند بادا چنین روزگار وزان پس فریدون به گرد جهان بگردید و دید آشکار و نهان هران چیز کز راه بیداد دید بر آن بوم و بر کان نه آباد دید به نیکی ببست از همه دست بد چنانک
16,16,ferdousi,shahname manoochehr,28,منوچهر یک هفته با درد بود دو چشمش پر آب و رخش زرد بود به هشتم بیامد منوچهر شاه به سر بر نهاد آن کیانی کلاه همه پهلوانان روی زمین بر او یکسره خواندند آفرین چو دیهیم شاهی به سر بر نهاد جهان را سراسر همه مژده داد به داد و به آیین و مردانگی به نیکی و پاکی و فرزانگی منم گفت بر تخت گردان سپهر همم خشم و جنگ است و هم داد و مهر زمین بنده و چرخ یار من است سر تاجداران شکار من است همم دین و هم فرهٔ ایزدیست همم بخت نیکی و هم بخردیست شب تار جویندهٔ کین منم همان آتش تیز برزین منم خداوند شمشیر و زرّینه کفش فرازندهٔ کاویانی درفش فروزندهٔ میغ و برّنده تیغ به جنگ اندرون جان ندارم دریغ گه بزم دریا دو دست من است دم آتش از بر نشست من است بدان را ز بد دست کوته کنم زمین را به کین رنگ دیبه کنم گراینده گرز و نماینده تاج فروزندهٔ ملک بر تخت عاج ابا این هنرها یکی بنده‌ام جهان آفرین را پرستنده‌ام همه دست بر روی گریان زنیم همه داستان‌ها ز یزدان زنیم کز او تاج و تخت است ز اویم سپاه از اویم سپاس و بدویم پناه به راه فریدون فرّخ رویم نیامان کهن بود گر ما نویم هر آن کس که در هفت کشور زمین بگردد ز راه و بتابد ز دین نمایندهٔ رنج درویش را زبون داشتن مردم خویش را برافراختن سر به بیشی و گنج به رنجور مردم نماینده رنج همه نزد من سر به سر کافرند و ز آهرمن بدکنش بدترند هر آن کس که او جز بر این دین بود ز یزدان و از منش نفرین بود و زان پس به شمشیر یازیم دست کنم سر به سر کشور و مرز پست همه پهلوانان روی زمین منوچهر را خواندند آفرین که فرّخ نیای تو ای نیک‌خواه تو را داد شاهی و تخت و کلاه تو را باد جاوید تخت ردان همان تاج و هم فرهٔ موبدان دل ما یکایک به فرمان تو است همان جان ما زیر پیمان تو است جهان پهلوان سام بر پای خاست چنین گفت کای خسرو داد راست ز شاهان مرا دیده بر دیدن است ز تو داد و از ما پسندیدن است پدر بر پدر شاه ایران تویی گزین سواران و شیران تویی تو را پاک یزدان نگه‌دار باد دلت شادمان بخت بیدار باد تو از باستان یادگار منی به تخت کئی بر بهار منی به رزم اندرون شیر پاینده‌ای به بزم اندرون شید تابنده‌ای زمین و زمان خاک پای تو باد همان تخت پیروزه جای تو باد تو شستی به شمشیر هندی زمین به آرام بنشین و رامش گزین از این پس همه نوبت ماست رزم تو را جای تخت است و شادی و بزم شوم گرد گیتی برآیم یکی ز دشمن به بند آورم اندکی مرا پهلوانی نیای تو داد دلم را خرد مهر و رای تو داد بر او آفرین کرد بس شهریار بسی دادش از گوهر شاهوار چو از پیش تختش گرازید سام پسش پهلوانان نهادند گام خرامید و شد
17,17,ferdousi,shahname nozar,13,چو سوگ پدر شاه نوذر بداشت ز کیوان کلاه کیی برفراشت به تخت منوچهر بر بار داد بخواند انجمن را و دینار داد برین برنیامد بسی روزگار که بیدادگر شد سر شهریار: ز گیتی برآمد به هر جای غَو جهان را کهن شد سر از شاه نو چو او رسمهای پدر درنَوَشت ابا موبدان و ردان تیز گشت؛ همی مردمی نزد او خوار شد دلش بردهٔ گنج و دینار شد کدیور یکایک سپاهی شدند دلیران سزاوار شاهی شدند چو از روی کشور برآمد خروش جهانی سراسر برآمد به جوش بترسید بیدادگر شهریار فرستاد کس نزد سام سوار به سگسار مازندران بود سام فرستاد نوذر بر او بر پیام «خداوند کیوان و بهرام و هور که هست آفرینندهٔ پیل و ماهی و مور نه دشواری از چیز برترمنش نه آسانی از اندک اندر بوش همه با توانایی او یکیست اگر هست بسیار و گر اندکیست کنون از خداوند خورشید و ماه ثنا بر روان منوچهر شاه ابر سام یل باد چندان درود که آید همی ز ابر باران فرود مران پهلوان جهاندیده را سرافراز گرد پسندیده را همیشه دل و هوشش آباد باد روانش ز هر درد آزاد باد شناسد مگر پهلوان جهان سخنها هم از آشکار و نهان که تا شاه مژگان به هم برنهاد ز سام نریمان بسی کرد یاد همیدون مرا پشت گرمی بدوست که هم پهلوانست و هم شاه دوست نگهبان کشور به هنگام شاه ازویست رخشنده فرخ کلاه کنون پادشاهی پرآشوب گشت سخنها از اندازه اندر گذشت اگر برنگیرد وی آن گرز کین ازین تخت پردخته ماند زمین» چو نامه بر سام نیرم رسید یکی باد سرد از جگر برکشید به شبگیر هنگام بانگ خروس برآمد خروشیدن بوق و کوس یکی لشکری راند از گرگسار که دریای سبز اندرو گشت خوار چو نزدیک ایران رسید آن سپاه پذیره شدندش بزرگان به راه پیاده همه پیش سام دلیر برفتند و گفتند هر گونه دیر ز بیدادی نوذر تاجور که بر خیره گم کرد راه پدر جهان گشت ویران ز کردار اوی غنوده شد آن بخت بیدار اوی بگردد همی از ره بخردی ازو دور شد فرهٔ ایزدی چه باشد اگر سام یل پهلوان نشیند برین تخت روشن روان جهان گردد آباد با داد او برویست ایران و بنیاد او که ما بنده باشیم و فرمان کنیم روانها به مهرش گروگان کنیم بدیشان چنین گفت سام سوار که این کی پسندد ز من کردگار که چون نوذری از نژاد کیان به تخت کیی بر کمر بر میان به شاهی مرا تاج باید بسود محالست و این کس نیارد شنود خود این گفت یارد کس اندر جهان! چنین زهره دارد کس اندر نهان؟ اگر دختری از منوچهر شاه بران تخت زرین شدی با کلاه نبودی جز از خاک بالین من بدو شاد بودی جهانبین من دلش گر ز راه پدر گشت باز برین‌بر نیامد زمانی دراز هنوز آهنی نیست زنگار خورد که رخشنده دشوار شایدش کرد من آن ایزدی فره باز آورم جهان را به مهرش نیاز آورم شما بر گذشته پشیمان شوید به نوی ز سر باز پیمان شوید گر آمرزش کردگار سپهر نیابید و از نوذر شاه
18,18,ferdousi,shahname garshasp,5,پسر بود زو را یکی خویش کام پدر کرده بودیش گرشاسپ نام بیامد نشست از بر تخت و گاه به سر بر نهاد آن کیانی کلاه چو بنشست بر تخت و گاه پدر جهان را همی داشت با زیب و فر چنین تا برآمد برین روزگار درخت بلا کینه آورد بار به ترکان خبر شد که زو درگذشت بران سان که بد تخت بی‌کار گشت بیامد به خوار ری افراسیاب ببخشید گیتی و بگذاشت آب نیاورد یک تن درود پشنگ سرش پر ز کین بود و دل پر ز جنگ دلش خود ز تخت و کله گشته بود به تیمار اغریرث آغشته بود بدو روی ننمود هرگز پشنگ شد آن تیغ روشن پر از تیره زنگ فرستاده رفتی به نزدیک اوی بدو سال و مه هیچ ننمود روی همی گفت اگر تخت را سر بدی چو اغریرثش یار درخور بدی تو خون برادر بریزی همی ز پرورده مرغی گریزی همی مرا با تو تا جاودان کار نیست به نزد منت راه دیدار نیست پرآواز شد گوش ازین آگهی که بی‌کار شد تخت شاهنشهی پیامی بیامد به کردار سنگ به افراسیاب از دلاور پشنگ که بگذار جیحون و برکش سپاه ممان تا کسی برنشیند به گاه یکی لشکری ساخت افراسیاب ز دشت سپنجاب تا رود آب که گفتی زمین شد سپهر روان همی بارد از تیغ هندی روان یکایک به ایران رسید آگهی که آمد خریدار تخت مهی سوی زابلستان نهادند روی جهان شد سراسر پر از گفت‌وگوی بگفتند با زال چندی درشت که گیتی بس آسان گرفتی به مشت پس از سام تا تو شدی پهلوان نبودیم یک روز روشن روان سپاهی ز جیحون بدین سو کشید که شد آفتاب از جهان ناپدید اگر چاره دانی مراین را بساز که آمد سپهبد به تنگی فراز چنین گفت پس نامور زال زر که تا من ببستم به مردی کمر سواری چو من پای بر زین نگاشت کسی تیغ و گرز مرا برنداشت به جایی که من پای بفشاردم عنان سواران شدی پاردم شب و روز در جنگ یکسان بدم ز پیری همه ساله ترسان بدم کنون چنبری گشت یال یلی نتابد همی خنجر کابلی کنون گشت رستم چو سرو سهی بزیبد برو بر کلاه مهی یکی اسپ جنگیش باید همی کزین تازی اسپان نشاید همی بجویم یکی بارهٔ پیلتن بخواهم ز هر سو که هست انجمن بخوانم به رستم بر این داستان که هستی برین کار همداستان که بر کینهٔ تخمهٔ زادشم ببندی میان و نباشی دژم همه شهر ایران ز گفتار اوی ببودند شادان دل و تازه روی ز هر سو هیونی تکاور بتاخت سلیح سواران جنگی بساخت به رستم چنین گفت کای پیلتن به بالا سرت برتر از انجمن یکی کار پیشست و رنجی دراز کزو بگسلد خواب و آرام و ناز ترا نوز پورا گه رزم نیست چه سازم که هنگامهٔ بزم نیست هنوز از لبت شیر بوید همی دلت ناز و شادی بجوید همی چگونه فرستم به دشت نبرد ترا پیش ترکان پر کین و درد چه گویی چه سازی چه پاسخ دهی که جفت تو بادا مهی و بهی چنین گفت رستم به دستان سام که
19,19,samet,eftetah,3,آن کس که زبان نهاد اندر دهنم جا داد چو عندلیب اندر چمنم مأمور نموده است از صبح ازل تا شام ابد به مدحت پنج تنم حمداً لک یا رب تبارک و تعالی ای نفش نگارنده بر اسفل و اعلی ای ذات تو از خلقت و ترکیب معرا در خواندن وصفت، متحیر دل دانا هر کس به طریقی ره تحقیق تو پویا دیدار تو را طالب و اسرار تو جویا مرغان و ملایک همه در عرش معلی روزان و شبانند ز الطاف تو گویا ای قبلەی حاجات همه ابیض و اسود شرمنده احسان تو گر خوب و گر بد وصف تو برونست ز اندازه و از حد ذات تو ز اجسام صور پاک و مجرد ارواح مقدس همه جمعند و تو مفرد در بندگیت درج دو صد عزت سرمد نقش قلم صنع تو نُه طاق زبرجد مبنی ز تو صبح ازل و شام مؤبد نرگس به چمن بیهشی از جام تو دارد بلبل به گلستان به زبان نام تو دارد هر طایر جان جا به سر دام تو دارد هر زنده دلی گوش به پیغام تو دارد هر گرسنەای دیده بە اطعام تو دارد چشم طمع از مرحمت عام تو دارد هر پادشهی خواهش انعام تو دارد تا خود چه هوایی دل خودکام تو دارد هرچند که از دیده و دیدار نهانی هرچند که ظاهر نه به کون و نه مکانی هرچند که ممکن نه به اوصاف و بیانی هرچند نه پیدا به زمین نه به زمانی بالله که بە هر ذره هویدا و عیانی در چشم تو چون نوری و در جسم چو جانی نزدیکتر از هرچه که گویند از آنی ای کنز خفی کی تو نهان از دو جهانی تو آن احدی که احدی نیست مثالت واقف نبود هیچ کس از هیچ کمالت دستی نرسیده است به دامان جلالت نی بوده و نی باشدو نی هست هُمالت عالم همگی ریزەخور خان نوالت در سلطنت و پادشهی نیست زوالت جود و کرم و بخشش و عفو است خصالت با آنکه نهانست ز انظار جمالت ای آنکه به ملک لمن‌الملک امیری بی‌مشورت شاهی و تدبیر وزیری بی‌منشی و مستوفی و بی‌کلک دبیری بی یاوری و یاری و مشار و مشیری بی عون و پناهی و معینی و ظهیری ای آنکه ز نیش پشەی خرد حقیری در دادگری داد ز نمرود بگیری القصه که بی‌شبه و عدیلی و نظیری ای دوست بجز درگه لطف تو دری نیست نفع و ضرر از رد و قبول دگری نیست با بودن فضل تو به عصیان خطری نیست اندر بر عدل تو ز طاعت اثری نیست امید به فردوسی و خوف از سقری نیست هرچند که در نخل اطاعت ثمری نیست نومید ز درگاه تو بودن هنری نیست جز مهر تو بر تیر حوادث سپری نیست
20,20,samet,ghasayedsmt,20,ای گرامی دخت سالار امم لوح محفوظ خدای ذوالنعم همسر و همخوابه حبل‌المتین ماه برج عروه الوثقای دین از تو جسته سکه عصمت رواج عصمتت بگرفته از عفت خراج با وجود چون تو زن در احترام دیگر از مردان نباید برد نام کوه مس را می‌کند کان طلا خاک پای فضه‌ات چون کیمیا آبروی مریم از خاک درت ساره چون هاجر به خدمت در برت گر تویی زن سرافراز یمن کاش مردان جهان بودند زن کرده حق نام گرامت فاطمه ملک هستی را وجودت قائمه ذات تو اسباب ایجاد وجود خاطرت آئینه غیب و شهود سر مکنون خدای اکبری جفت حیدر دختر پیغمبری قلب تو ای قلزم مجد و شرف شد برای یازده کوکب صدف قامتت ای سرو بستان صفا پای تا سر نخل توحید خدا آنچه قدرت داشت ذات کردگار جمله را برده است در ذاتت به کار بیش از اینم نی بو صفت دسترس گر بود در خانه کس یک حرف بس روز محشر (صامتت) را یار باش جرم او را در جزا ستار باش که خفته‌ اندرین قالب که باشد اندرین ماوی که گه خواند سوی دینم گهی راند سوی دنیا گهی پوشد به جسم طیلسان «سولت نفسی» گهی بخشد شرف بر قدم از تشریف کرمنا گهی روشن کند دل از ید و بیضاء موسایم گهی سازد چه فرعون ادعای ربکم اعلا دهد در کسوت جم گه قلم خود را چو اهریمن گهی از رب هب لی چون سلیمان برکشد آوا گهی گوید بیاض طلعت نیکان بود نیکو گهی گوید سوادزلف حورالعین بود زیبا گهی گوید برو تا کعبه مقصود از خشکی گهی گوید مترس از غرق و رو کن جانب دریا بود عمری کزین جمعیت ضدین از هر سو شدم دنبال قول عمرو و بکر و زیدرا پویا نه از فتوای این گردید لختی کام جان شیرین نه از غوغای آن شد ذره مغز خرد پیدا سر تسلیم بنهادم به خاک قبله طاعت کشیدم از دل سوزان نعیر «رب سلمنا» خدنک «ربکم ادعونی» آمد بر نشان یعنی نوید استجابت یافتم از ایزد یکتا همانا گشتم از الهام ربانی چنین ملهم که ای سلطان ملک جهل و شاه کشور سودا چرا در تیه حیرت مانده حیران و سرگردان نمی‌بینی مگر شمع هدایت درکف موسی زند کوس جهان شادی بر او رنگ جهانشاهی که قائم بر وجود وی بود دنیا و مافیها امام عصر و ختم اوصیا شاهی که می‌باشد به دفتر خانه ایجاد نامش اولین طغری ولی حضرت دادار و مه کعبه و زمزم سمی احمد مختارشاه یثرب و بطحا اساس شرع و منهاج طریقت مقتدای دین سپهر مجد و منشاء حقیقت عائی اشیا کتاب خلقت کون و مکان را اولین مطلع سودا انبیا و اولیا آخرین انشا شه دجال کش ویران کن معموره بدعت امام بت شکن درهم نورد عزت عزی نسیم رحمت حق شعله قهر خداوندی علیم سر مطلق راز دان وحی ما او حی ز نقش کلک نقاش ازل در صفحه هستی چنین صورت نخواهد یافت تا شام ابد اجرا عباد الله را معبود در ملک عبودیت نموده قامت موزون دو تا در سجده یکتا الا ای شمه طاق هدایت چند در راهت بماند
21,21,samet,ghazalsmt,20,آتش عشق کنون سوخت دیگر پیکر ما بعد از این تا چه کند باد به خاکستر ما کوس آزادی ما سر و صفت گشت بلند سوخت بابرق محبت همه بال و پر ما می‌شود کشتی تن زود غریق یم اشک نشود سستی اندام اگر لنگرها همه نقشی نبود نقش کف پای نگار بر وای خاک تو خود راهنما همسر ما موسم خرج معین شود و وقت حساب حالیا فاش بود قلبی سیم و زر ما فلک از گردش وارونه مترسان ما را زآنکه از دفتر تو فرد شده اختر ما (صامت) آسوده نشین در کف همت دوست که نبسته است کمر هیچ کس از کیفر ما چنان به سوخت شرار غم تو جان مرا که باد می‌نبرد مشت استخوان مرا تنم ز ضعف چنان شد که کهربا یک دم چون کاه جذب کند جسم ناتوان مرا حدیث مهر و وفای تو کم نخواهم کرد چون شمع گر ببری هر نفس زبان مرا در این چمن منم ای مرغ کز سیه روزی نخست برق فنا سوخت آشیان مرا مکن به بلبل زار این قدر ستم ترسم روم ز باغ و دگر نشنوی صدای مرا اگرچه در طلبش جا ندهم خوشم که به دهر نشان نداد کس آن یار بی‌نشان مرا به خنده گفت برو (صامتا) فسانه مخوان هزار همچو تو نتوان کشد کمان مرا تا به خاک قدمت روی نیاز است مرا کعبه کوی تو خلوتگه راز است مرا حاجیان را حرم کعبه خوش آید لیکن قبله روی تو خوش‌تر ز حجاز است مرا با وجود تو نظر باری بی‌جا عیب است روی بنما که گه راز و نیاز است مرا فخر زاهد همه از مسجد و محراب بود طاق ابروی تو محراب نماز است مرا از تماشای گل و سیر گلستان سیرم دیده تا بر رخ نیکوی تو باز است مرا دفتر غصه دلی طی نشود روز جرا بسکه دور از شب هجر تو دراز است مرا (صامتا) ره بسوی ملک حقیقت نبری تا بسر شورش اقلیم مجاز است مرا بلندآوازه بلبل در گلستان کرد دستان را که در جای بلند آنجا نباید داد بستان را تقاضای جهان کرد از چمن آواره بلبل را که تا سرمنزل زاغ و زعن سازد گلستان را به جای بغی و عدوان خهوشتر آن باشد که بنوازی به شکر روزگار بی‌نیازی تنگدستان را کلید دولت وارستگی کی اوفتد بر کف ازاین ده روزه دنیا به دنیا پای بستان را پرشان کرده از بهر ریاست کار عالم را خدایا در دین داری بده دنیاپرستان را یقین دارم که از داروی پر زهر اجل چیزی نیارد بوی هشیاری به مغز این تازه مستان را مگر (صامت) شود ظاهر به عالم مهدی غائب که تا اندازد از پا ریشه این مکر و دستان را باز آراسته بینم صف مژگان تو را عزم غوغا بود آن نرگس فتان تو را کاش آید مه کنعان و ببیند در بند بس جو خود بی سر و پاطره افشان تو را دعوی حسن به یوسف نشدی راست به مصر گر نکردی وطن آن چاه ز نخدان تو را حق نعمت نشناسد بر اهل بصر هر که از دیده برآرد بر پیکان
22,22,samet,revayat-val-masaeb,20,روایت است که آمد برون چه از زندان عزیز مصر و فسا گشت یوسف کنعان برای دیدن وی همچو طالب و مطلوب به شهر مصر ز کنعان روانه شد یعقوب ز مصر حضرت یوسف به شوکت و اجلال تهیه دید و برون شد برای استقبال همین که طلعت یوسف ز دور پیدا شد جلال و کوکبه یوسفی هویدا شد گرفت از کف یعقوب اشتیاق عنان پیاده شد پی تعظیم یوسف کنعان غرور یوسف نزد پدر زیاده نشد ولی به مصلحت سلطنت پیاده نشد چو در پیاده‌شدن اندکی تغافل کرد عتاب حق پی تادیب حضرتش گل کرد ز نزد حق سوی یوسف رسید با تعجیل چنین پیام رسانید حضرت جبریل که این چه فعل عظیمی است کز تو شد واقع جلال و حشت شاهی مگر شدت مانع شده است بنده شایسته‌ام پیاده روان تو با کمیت سبک سیر میکنی جولان رعایت پدر پیر بود اولی تر تو را ز مصلحت ملک و کشور و لشگر کنون که از تو عیان گشت ترک این اولی به حکم محکم دادار دست بگشا گشود دست چو یوسف به امر حی غفور برون شد از کف معجز نمایش لمعه نور سئوال کرد که این نور چیست یا جبریل جواب داد به یوسف امین رب جلیل که این عمل ز تو نزد خدا نشد مقرون به رفت نور نبوت ز صلب تو بیرون اگر چنین بود ای دوستان بر یکتا مقام و مرتبه و قدرت دوستان خدا چگونه پس بستم پیشه‌گان کشور شام نمود صبر و مدارا مهیمن علام دمی که باعث ایجاد عالم ایجاد سلیل خواجه لولاک سید سجاد به هیئتی که دل انس و جان کباب نمود گذر به جانب آن کشور خراب نمود غلش به گردن اشگش ز دیده بر دامن ببسته همچو اسیران دو دست او بر سن سر غریبی و بی‌یاوری فکنده به زیر دلش ز خنده بی‌جای شامیان دلگیر ز دیدن سر اکبر به شور و هنگامه ز سنگ و چوب مخالف به فرقش عمامه ز آه روز دو عالم سیاه کرده چو شب ز دیدن سر عریان عمه‌اش زینب تنش نزار و رخش زرد و حالتش محزون دلش ز دیدن اطفال دربدر پر خون تمام شام برون آمده به حکم یزید به پیشواز سر انوار حسین شهید چون روز عید زن و مرد خرم و دلشاد گرفته دست به دست از پی مبارکباد تمام گشته فراموششان ز حق نبی نظاره‌گر به حریم محمد عربی به آن طریق چه آن بی‌کسان بی‌غمخوار میان شام گذشتند از سر بازار به کوچه گذر اهلبیت طه شد میان کوچه یکی غرقه هویدا شد نموده پنج زن اندر میان غرقه مقام سیاه بخت و تبه روزگار و نافرجام یکی عجوزه بدبخت با قدی چو کمان فکند زینب مظلومه را شرر بر جان همین که دیده شومش ز دیدن اسرا فتاد بر سر پر خون سیدالشهدا پی اذیت وی ساخت تازه نیرنگی ببرد دست بریده به جانب سنگی حواله کرد همان سنگ را به تارک او شکست بار دیگر تارک مبارک او بکش عنان سخن (صامت) از مصیبت شام نماند تاب شنیدن نمای ختم کلام روایت است که روزی نشسته بد سلمان به نزد احمد
23,23,samet,nasaye-vat-tanbih,20,از دور زمان دلم کباب است بشنو که عجب پُر انقلاب است این نقش و نگار خوش که بینی نقشی است که پایه‌اش بر آب است ای تشنهٔ چشمه سار رحمت بر گرد که آب نه، سراب است پرواز بده همای همت زین جیفه که طعمه کلاب است بشتاب به سوی کوی معنی تا مرکب عمر در شتاب است چند از پی جمع کردن مال بر گردنت از طمع طناب است دوران جهان چو موج دریاست در وی تن آدمی حباب است نی نی بود او چه خانه مور این خانه به شبنمی خراب است بسیار دوندگان دویدند کز نام جهان نشان ندیدند بس مرغ دل از برای این صید صیاد صفت به خون طپیدند زین باغ بسی گذشت گلچین کز وی گل آرزو نچیدند بس سبز خطان که زیر این خاک دامان امید برکشیدند بس خاک شدند و بعد صد سال چون سبزه ز خاک بردمیدند بس آهوی جان که اندرین دشت از کالبد بدن رمیدند بس طفل کزین عجوز مادر پستان مفارقت مکیدند جز زهر اجل نداشت طعمی آنها که از این عسل چشیدند عالم همه گر گدا و گر شاه گر ز آنکه سیاه یا سفیدند گو طبل رحیل خود بکوبند زین کهنه رباط تا رسیدند این مرحله خوفناک و دور است زاد سفری تو را ضرور است تاریک شبست و راه تاریک ای وای به رهروی که کور است دزدیست اجل که گاو و بیگاه در بردن نقد جان جسور است لشگر شکنی بود که تنها و همزن جیش سلم و نور است شیرینی روزگار تلخ است تا چشم بد ز مانه شور است از یک سر پا غبار راه است این کاسه سر که پرغرور است دنیاطلبی شعارکردن دیوانگی است کی شعور است فرزانگی از کسی طلب کن کز کسوت کائنات دور است آبادی کاخ و تن چه حاصل کو مسکن مار و ملک مور است راحت به جهان به کس ندادند تو می‌طلبی مگر به زور است تا کی غم روزگار داری؟ زین غم دل خود فکار داری؟ از یاد محبت زر و سیم پیوسته به دوش بار داری ای مست شراب خودپسندی بر سر چقدر خمار دادی اندر سر این پل شکسته آسوده عجب قرار داری آخر به کدام فضل و رتبت بر سر هوس شکار داری بِجْهان ز جهان سمند همت با اهل جهان چکار داری؟! بگشا سوی کاروان این حی گر دیده اعتبار داری رفتند و تو همچنان به خوابی از بهر که انتظار داری با دست تهی زهی خجالت عزم سر کوی یار داری دنیای دنی وفا نکرده با خلق بجز جفا نکرده هر کام که بود ناروا کرد کامی ز کسی روا نکرده کو جمعیتی که آخرالامر از یکدگرش جدا نکرده این کهنه طبیب عاقبت سوز دردی ز کسی دوا نکرده این کهنه طبیب عاقبت‌سوز دردی ز کسی دوا نکرده یک لحظه در این الم سرا دست از دامن کس رها نکرده کو یک دل خرمی که در وی اسباب عزا بپا نکرده؟ تا تیر فناست در کمانش بیگانه و آشنا نکرده گر دشمن خود بُوَد وَگر دوست هرگز ز کسی حیا نکرده هر نفس که کشته است و
24,24,samet,ghataat-va-nasayeh,20,شنیدم شد ز مغروری و مستی ز بر دستی دچار زیردستی نکرد اندیشه از دهر دو رنگی بزد بر فرق آن بیچاره سنگی روان گردید خون از جای سنگش نبود ین مرد چون جای درنگش گرفت آن سنگ و محزون از زمانه به سوی منزل خود شد روانه قضا را گشت اندر درگه شاه همان ظالم ز مغضوبان درگاه به زیر آورد از اورنگ و جاهش نشمین داد در زندان و چاهش چو اندر کنج زندانش مقر شد همان مظلوم از وی باخبر شد سوی زندان روان شد با دل تنگ بزد از قهر بر فرقش همان سنگ بنالید و بزارید و فغان کرد خروش بی‌کسی از دل برآورد که ای بی‌رحم کم فرصت که بودی که بر داغ دلم داغی فزودی بگفتا آن کسم کز زیردستی سرم از سنگ بی‌باکی شکستی در آن روزی که بر سر سنگ خوردم نمودم صبر و بی‌تابی نکردم چو آمد دامن فرصت به دستم سرم بشکستی و فرقت شکستم ز نخل سرکش خود میوه خوردی سزای کرده‌های خویش بردی غرض گر خواجه و حکمرانی مده آزار کس تا می‌توانی گرفتم من که نارد بر تو کس دست خدای دادخواهی در میان هست مگر ای بی‌خبر از کین شعاری خبر از آه مظلومان نداری که گر مظلوم بهر داد خواهی شبی آهی کشد یا صبحگاهی خدا را برق غیرت برفروزد تو را تا هر کجا خواهد بسوزد بلی (صامت) سزای جنگ جنگ است کلوخ انداز را پاداش سنگ است یکی بیچاره‌ای محنت رسیده به دوران کور و محروم از دو دیده نهان در پرده عصمت زنی داشت چو شیطان بلکه دزد رهزنی داشت به افسون و حیل دایم شب و روز زدی بر قلب شوهر تیر دلدوز دمادم عشوه‌ای بنیاد کردی به این افسانه‌اش دلشاد کردی که صد حیف از چنین حسن یگانه شدی محروم از دور زمانه دریغا گر تو را چشمی به سر بود به رخسار و جمال من نظر بود اگر یک ره به رویم دیده بودی گل از گلزار حسنم چیده بودی ز شوق طلعتم از بس که نیکوست نگنجیدی بسان مغز در پوست بدیدی گر که سیب غبغبم را کنار چشمهٔ نوش لبم را شدی یکباره بیرون از سرت هوش نمودی چشمه حیوان فراموش سواد زلف جعد مشک بویم بیاض طلعت روی نکویم به چشم حور و غلمان سرمه داده به رضوان روزن جنت گشاده چون من همخوابه در نیکویی طاق ندیده است و نبیند چشم آفاق بدان مکارهٔ پرحیله و فن بگفتا مرد کور از قلب روشن گر از نظاره چشمم ناامید است ولی از عقل این مطلب بعید است تو را با این رخ زیبا که داری بدین سرو قد رعنا که داری کجا با چون منی همراز بودی به این کوری مرا دمساز بودی گرفتم کز حقیقت با من کور تو را رسم وفا می‌بود منظور به گِرد ما در این آباد کشور بسی هستند رندان قلندر که چون بر سر به رندی تاج گیرند ز ماه آسمانی باج گیرند چه دیدندی جمال دل‌فریبت چه گوهر در کف مفلس غریبت به ساعت دست غارت می‌گشودند تو را از دامن من می‌ربودند غرض از این سخن بی‌قیل
25,25,samet,monajat-ba-ghaziyolhajat,20,ای پرده پوش معصیت عاصیان تمام بر درگه تو دیده امید خاص و عام کار تو عفو و بخشش و انعام روز و شب شغل تو فضل و رحمت و اکرام صبح و شام جز معصیت نکرده و خواهم ز تو بهشت ای خاک بر سر من و این آرزوی خام یا ساترالعیوب و یا غافرالذنوب یا خالق‌العباد و یا باعث‌الانام انشاتنی به فضلک یا منشی‌النفوس احییتنی بصنعک یا محبی‌العظام راضی مشو به شعله نیران شوم مقیم یا در میان آتش سوزان کنم مقام سازی اگر ترحم و درافکنی نظر به ختم شود مساعد و کارم شود به کام یا رب بهار عمر و جوانی تمام شد خورشید عمر ساخته منزل به کنج بام عمریست تا کشاکش نفس او فکنده است مرغ اطاعت من گمگشته را به دام از ما که غیر جرم و خطا سر نمی‌زند گیرم که سازد از این بیشتر دوام انعام عام تو مگر آخر بدل کند این جرم ما به طاعت و این ننگ ما به نام ورنه همین خجالت اعمال می‌کند باغ بهشت و ملک جهان را به ما حرام بَرداری ار حجاب ز افعال زشت ما یا آوری به کرده ما دست انتقام آن کس که پرده‌پوش گناهان بود کجاست یا آنکه از عذاب تو بخشد امان کدام یا رب به حق جمله خاصان درگهت یا رب به حق رتبه پیغمبر و امام اول به لوح کرده (صامت) بکش قلم وانگه نمای منزل او وادی السلام ای خالقی که صانع ارض و سما تویی معبود کائنات ز شاه و گدا تویی چشم امید سوی دارند ممکنات آن کس که بوده است و بود با بقا تویی در ورطه مهالک و آلام صعب سخت یاری دهندهٔ همه در هر کجا تویی در روز حشر وقت حساب و دم صراط دیان دین و حاکم یوم‌الجزا تویی بر عاصیان بی‌سروپا از طریق لطف از راه توبه جانب خود رهنما تویی جرم و گه ز ما و عطا و کرم ز تو بیگانگی ز ما و به ما آشنا تویی بر بی‌کسان مضطر و درمانده و ضعیف گوش زبان و چشم و دل و دست و پا تویی ما مجرمیم و مذنب و مردود و تیره‌بخت بخشنده معاصی و جرم و عطا تویی شخص تو از گناه و ثوابست بی‌نیاز محتاج کی به فعل بد و نیک ما تویی کبر و ریا به خرج تو هرگز نمی‌رود تا بر بساط کبر و ریا کبریا تویی تو خیر محضی و من بدنام شر محض من رو سیاه تر ز مس و کیمیا تویی دنیای ما گره زده در کار آخرت بگشا گره ز کار که مشکل‌گشا تویی طبعم مریض کشمکش روزگار شد یا رب به دردهای نهانی دوا تویی غیر از تو گر خدای دگر بود سوی او می‌بردمی پناه ولیکن خدا تویی هم ترسم از تو هم به تو هستم امیدوار مقصود از نتیجه خوف و رجا تویی بر ما مبین اگر همه در خواب غفلتیم بر خود ببین که رافع هر ابتلا تویی ما در پناه آل عبا جا نموده‌ایم بگذر ز ما که حامی آل عبا تویی امید ما به دوستی دوستان تو است بر
26,26,samet,nowhe,20,رفتی و بردی ز دل تاب و توانم علی داغ فراق تو زد شعله به جانم علی بعد تو امید من قطع شد از زندگی داد فراقت به باد نام و نشانم علی رفتی و از رفتنت باب تو دلگیر شد مادرت ای نوجوان از غم تو پیر شد دوری روی تو کرد سیر ز جانم علی تازه جوانم علی سرو روانم علی مانده به دل آرزو تا که در این وادیت پا کنم از روی مهر حجله‌گه شادیت داد که یک دم نداد دهر امانم علی تازه جوانم علی سرو روانم علی ای گل باغ حسین اکبر نسرین عذار دیده زینب بود بهر تو در انتظار بی‌تو رود در فلک آه و فغانم علی تازه جوانم علی سرو روانم علی سیر نگشته دلم از رخ زیبای تو باب تو دارد هنوز میل تماشای تو آتش قلب کباب تا بنشانم علی تازه جوانم علی سرو روانم علی خانه صبر مرا ساخته زیر و زبر آنکه تو را ای پسر تیغ ستم زد به سر تازه جوانم علی سرو روانم علی تنگ چو (صامت) شده دل ز جهانم علی ای عمو بر سر قاسم ز وفا کن گذری تا به روی تو کنم در دم آخر نظری با همه لطف که در حق یتیمان داری ز چه از حال من زار نگیری خبری تا به زانو بگذاری سرم از مهر دمی تا بری از دلم ای عیسی جان‌بخش غمی تا به پای تو نهم از پی دیدار سری آمده جان عمو جان شیرین به گلو جانم از تن به سوی خلد شتابی دارد لب خشکم هوس قطره آبی دارد پیشتر ز آنکه زند طایر جان بال و پری آمده جان عمو جان شیرین به گلو مانده‌ام جان عمو در بر دشمن تنها شده صد پاره ز شمشیر تنم سر تا پا هر که مانند تو دارد غم والاگهری آمده جان عمو جان شیرین به گلو ای عمو داد اجل خرمن عمرم بر باد نوعروسم چو نماید ز من غمگین باد گشت قاسم به سوی گلشن جنت سفری آمده جان عمو جان شیرین به گلو ای عمو خیمه زده ابر بلا بر سر من توتیا شد ز سم اسب ستم پیکر من همچو صامت بنما در غم من نوحه گری آمده جان عمو جان شیرین به گلو جان بابا تشنگی زد شعله بر جان العطش ای پدر جان العطش تشنه‌کامی کرده حالم را پریشان العطش ای پدر جان العطش شاه خوبان العطش یک مسلمان نیست تا آبی رساند بر لبم اندرین تاب و تبم شد زمین کوفه گویا کافرستان العطش ای پدرجان العطش شاه خوبان العطش گر گلوی خشک خود را تر کنم ز آب دهان در جدال کوفیان داد مردی را دهم با تیغ بران العطش ای پدر جان العطش شاه خوبان العطش ما مگر اندر دیار کوفه مهمان نیستیم یا مسلمان نیستیم الامان زین کوفیان سست پیمان العطش ای پدر جان العطش شاه خوبان العطش کار را بر آل پیغمر ز هر سو کرده تنگ ای سپاه دل چو سنگ آب کی بسته کسی بر روی مهان العطش ای پدر جان العطش شاه خوبان العطش تشنگی دست و دلم را
27,27,samet,hajeb-boroojerdi,13,زینب چون دید خسرو دین مانده بی‌معین رفت و گرفت دست دو طفلان نازنین آورد آن دو تا گل گلزار خویش را با چشم اشکبار به نزد امام دین گفتا که خواهم ای شه خوبان ز جان کنم این هدیه را نثار قدومت در این زمین ای حشمت الله از ره احسان نما قبول ران ملخ ز مور دل افسرده غمین این عون و آن محمد خواهم کنم ز جان آن را فدای اکبر و قربان اصغر این فرمود شه که این دو مرا نور دیده‌اند سازم چسان روان بدم تیغ مشرکین مرگ برادر و غم یاران مرا بس است منما فزون داغ من زار بیش از این بهر نیاز زینب و عون و محمدش سودند جبهه بر در آن قبله یقین کردند بس نیاز که شه دادن اذن جنگ بر آل دو طفل غمزده نورس حزین بوسید آن دو کودک و بوئیدشان ز مهر آن را چو شاخ نرگس و این را چو یاسمین پس زینب ستمزده پوشید شان کفن زد شانه به سنبل گیسوی عنبرین تیغ و سپر ببست و روان کرد همچو ماه شد ز آسمان دیده سرشگش به آستین تیر و کمان فکند به مرکب نشاندشان گفتی که مهر و ماه عیان شد ز برج زین رفتند سوی رزم و برآن دست و تیغشان برخاست از قضا و قدر صورت آفرین آن همچو رعد غلغله در شش جهت فکند وین زد چو برق شعله به قلب سپاه کین آن چون شرار از نار عدو را ز پا فکند وین دست و سر چوب برگ خزان ریخت بر زمین و آن به اسنان ز جسم عدو جوی خون گشود بست این ره فرار ز هر سو به مشرکین کرد آن صدای الحذر ازکوفیان بلند این الامان رساند به گردون هفتمین آن فوج فوج را به سقر دادشان مقر این فرقه فرقه را به درک کردشان مکین گفتا یکی ز حمزه مگر دارد این نشان گفت آن دگر به جعفر طیار ماند این آخر ز پیش جنگ دو شیران گریختند روباه وار حمله نمودند از کمین تیر اجل ز ابر بلا ریخت چون مطر بر جسم ناز پرورشان گشت دلنشین آن می‌فکند نیزه و پیکانش از یسار آن می‌زدی به خنجر برانش از یمین آخر همان دو پیکر پاک شریف شد از نیزه پاره پاره ز جور مخالفین گشتند آن دو طفل و فکندند از الم آتش به قلب زینب غمدیده حزین سرداد شاه تشنه در این ماتم و کشید از دیده سیل اشک و ز دل آه آتشین (حاجب) ز داغ این دو برادر سرشک ریخت شاید شوند شافع او یوم واپسین تا توانی ای دل از وضع جهان بنما کنار کاین عجوز دهر هر دم فتنه آرد بکار چون عروسان خویش را ر جلوه می‌دارد ولی کینه جوزالی بود مکار و زشت و نابکار تو گمان داری که این شهد است نوشی روز و شب نی بود شهد و نه شکر بلکه باشد سم فار تابکی جان عزیز خویش را سازی هدف تیر مکروهات بارد از کمان روزگار وزو شب در خوابی و از حب دنیا گشته مست یک دمی بیدار باش و لحظه شو هوشیار
28,28,bahar,ghasidebk,20,ز شعر قدر و بها یافتند اگر شعرا منم که شعر ز من یافته‌است قدر و بها به پیش نادان گر قدر من بود پنهان به پیش دانا باشد مقام من پیدا همی نشاید گفتن که تیره شد خورشید اگر نیاید روشن به دیدهٔ اعمی شگفت نیست گرم آفتاب سجده برد به پیش طبع سخن‌گوی و خاطر دانا ولی دریغ که بر من ز شاعری نرسید مگر فزونی خصم و تطاول اعدا چه حیله سازم با دشمنان بی‌آزرم چه گوی بازم با روزگار بی‌پروا وفا ندیدم زین روزگار عهدگسل کدام مرد بدیده‌است ازین عجوز وفا به‌ پتک جور سپهرا سرم‌ به خیره مکوب به سنگ کینه جهانا تنم به خیره مسا به بند خویش بسی ماندی این تن رنجور کنون نمودی در بند دشمنانش رها جلیس من به مه و سال‌، جسم محنت‌کش ندیم من به شب و روز، چشم خون‌پالا به بردباری آن یک چو سد اسکندر به خونفشانی این یک چو پهلوی دارا برون زحد و حصا رنج بینم اندر دهر که هست خصم و حسودم برون‌ ز حد و حصا حسود چیره شود هرکه را فزود کمال مگس پذیره شود هرکجا بود حلوا فریاد از این جهان و از این دنیا وین رسم ناستودهٔ نازیبا برباد رفته قاعدهٔ موسی و از یاد رفته توصیهٔ عیسی توراهٔ گشته توریهٔ بدعت انجیل گشته واسطهٔ دعوا خُلق محمدی شده مستنکر دستور ایزدی شده مستثنی هامون به خود نبیند جزکوشش دریا به خود نبیند جز غوغا گرد قتال خیزد از این هامون طوفان مرگ خیزد از این دربا بر ماهتاب‌، تیر زند کتان بر آفتاب‌، تیغ کشد حربا خون می‌چکد زکلک سیاسیون جان می‌طپد ز رای ذوی‌الارا جور و فساد سرزده درگیتی صلح و سدادگم شده از دنیا قومی پلنگ خوی ز هرگوشه درهم فتاده‌اند پلنگ‌آسا گرگان آدمی رخ و آدم‌خوار دیوان آهنین دل و آهن‌خا آن خون این مکد ز ره پلتیک این جان آن کند به ره یاسا ملک خدای گشته دو صدپاره هر ملک را گروهی گنج‌آرا وآنکه به خیره بر زبر هرگنج میران نشسته‌اند چو اژدرها هریک به دل گرفته بسی امید هریک به سر نهفته بسی سودا هر ساعتی به آرزوی این قوم صد جوی خون روان شد ازصحرا اوکام دل نیافته وز هر سوی بینی نشسته با دل خون پالا چندین هزار مادر بی‌فرزند چندین هزار بچهٔ بی‌بابا ای خود بر نهاده پی پرخاش وی تیغ برکشیده پی هیجا این خون پاک ملت یزدان است چندین چنین چه‌پزی بی‌پروا این باغ ایزد است و درختانش با دست حق دمیده چنین زیبا ای خیره باغ را چه زنی آتش وی خر درخت را چه‌خوری بی‌جا مشکن درخت یزدان را مشکن منما تهی گلستان را، منما *‌ *‌ هان ای حکیم چندکنی لابه هان ای ادیب چند کنی غوغا لابه به پیش کور نیارد مرد غوغا به پیش کر نکند دانا مردم کرند نیمی و نیمی کور ازکور وکر، چه خواهی جز حاشا آنکو شنید، باد بر او نفرین گر خود شنید وکارنبست آن را وانکو بدید، باد بر او توبیخ گر زانکه دید و بار نبست آنجا دگر باره خیاط باد صبا بر اندام گل دوخت
29,29,bahar,ghazalbk,20,بر دل من گشت عشق نیکوان فرمان‌روا اشک سرخ من دلیل و رنگ زرد من گوا نیستی رنگم چنین و نیستی اشکم چنان گر بر این دل نیستی عشق بتان فرمانروا تا شدم با مهر آن نامهربان دلبر، قرین تا شدم با عشق آن ناپارسا یار آشنا مهربان بودم‌، به جان خود شدم نامهربان پارسا بودم‌، به کار دین شدم ناپارسا شد دژم جان من از نیرنگ آن‌ چشم دژم شد دوتا پشت من از افسون آن زلف دوتا از دل عاشق به عشق اندر درختی بردمد کش برآید جاودان برگ و بر از رنج و عنا تن اسیر عشق اگرکردم غمی گشتم غمی دل به دست یار اگر دادم خطا کردم خطا چاره ی خود را ندانم من به‌عشق اندرکنون بنده ی مسکین چه داند کرد پیش پادشا در بلای عشق اگر ماندم نیندیشم همی کافرین شهریار از من بگرداند بلا همی نالم به دردا، همی گریم به زارا که ماندم دور و مهجور، من از یار و دیارا الا ای باد شبگیر، ازین شخص زمین‌گیر ببر نام و خبر گیر، ز یار نامدارا چو رفتم از خراسان‌، به دل گشتم هراسان شدم شخصی دگرسان‌، خروشان و نزارا به ری در نام راندم‌، حقایق برفشاندم ولیکن دیر ماندم‌، شده زین‌روی خوارا نجستم نام ازین شهر، فزودم وام از این شهر نبردم کام ازین شهر، به جز عیش مرارا بدا محکوم قهرا، درآکنده به زهرا پلیدا شوم شهرا، ضعیفا شهریارا گهی با دزد افتد کار و گاهی با عسس ما را نشد کاین آسمان راحت گذارد یک ‌نفس ما را عسس با دزد شد دمساز و ما با هر دو بیگانه به ‌شب ‌از دزد باشد وحشت ‌و روز از عسس‌ ما را گرفتار جفای ناکسان گشتیم در عالم دریغا زندگانی طی شد و نشناخت کس ما را ز بس ماندیم در کنج قفس‌، گر باغبان روزی کند ما را رها، ره نیست جز کنج قفس ما را نشان کاروان عافیت پیدا نشد لیکن به کوه و دشت کرد آواره آوای جرس ما را ز دست دل گریبان پاره کردیم از غمت شاید سوی دل باشد از چاک گریبان دسترس ما را در این تاریکی حیرت‌ ، به دل از عشق برقی زد مگر تا وادی ایمن کشاند این قبس ما را بریدیم از شهنشاهان طمع در عین درویشی که از خوبان نباشد جز نگاهی ملتمس ما را اگر خواهی که با صاحبدلان طرح وفا ریزی کنون درنه قدم‌، زیرا نبینی زین سپس ما را خداوندی و سلطانی به یاران باد ارزانی درین بیداد ظلمانی فروغ عشق بس ما را هوس بستیم تا ترک هوس گوییم در عالم بهار آخر به جایی می‌رساند این هوس ما را دوست می‌دارم من این نوروز فرخ‌فال را تاکنم نو بر جبین خوبرویان سال را خواهی ار با فال میمون بگذرد روز تو خوش برگشا هر صبحدم از دفترگل فال را عاشقا ز آه سحر غافل مشو کاین ابر فیض آبیاری می‌نمایدگلشن آمال را خواهی ار با کس درآمیزی به رنگ او درآی بین چسان همرنگ گل پروانه دارد بال را عاشق از خوبان وفا و مهر خواهد، ورنه هست آب و رنگ حسن
30,30,bahar,ghetebk,20,هرکرا دوست شدم دشمن جان گشت مرا بخت من دشمن من بود عیان گشت مرا باشدکه پای سفله به گنجی فرو رود زان گنج‌، قیمتی نفزاید لئیم را بی‌قیمت ‌است گرچه ‌به ‌زر برکشی لئیم ارزنده است اگر بفروشی کریم را هرگز بهای خر نفزاید به نزد عقل گر برنهی به خر طبق زرّ و سیم را سکته کرد و مرد ایرج میرزا قلب ما افسرد ایرج میرزا بود مانند می صاف طهور خالی از هر درد ایرج میرزا سعدی ای ‌نو بود و چون سعدی‌ به ‌دهر شعر نو آورد ایرج میرزا از دل یاران به اشعار لطیف زنگ غم بسترد ایرج میرزا دائما در شادی یاران خویش پای می‌افشرد ایرج میرزا برخلاف آخر ز مرگ خویشتن خلق را آزرد ایرج میرزا ای دریغا کانچه را آورده بود رفت و با خود برد ایرج میرزا گورکن فضل و ادب را گل گرفت چون به گل بسپرد ایرج میرزا سکته کرد و از پس پنجاه و پنج لحظه‌ای نشمرد ایرج میرزا مرد آسان لیک مشکل کردکار بر بزرگ و خرد ایرج میرزا گفت بهر سال تاریخش بهار: وه چه راحت مرد ایرج میرزا دربغ و درد که از کید فتنهٔ گردون بشد صبوری ازما چوشد صبوری ما دریغ از آن دل آگاه و خاطر دانا که بردرند ز غم جامه صبوری ما صبوری آن ملک شاعران طوس برفت به خانقاه غم آمد دل سروری ما تنم بسوخت ز اندوه هجر و دوری او چگونه ساخت ندانم به هجر و دوری ما چو نور باصره امد ز چشم ما پنهان فغان و ناله که شد دور دور کوری ما بهار با دل غمگین خود چنین می گفت که مصرعی است به تاریخ او ضروری ما سری‌ ز جان برآورد و این‌ چنین‌ به‌سرود بشد صبوری از ما چو شد صبوری ما هشت تن در هشت معنی شهره‌اند اندر ادب چار شاعر در عجم پس چار شاعر در عرب درگه رامش «‌ظهیر» و «‌نابغه‌» هنگام خوف گاه کین «‌اعشی قیس‌» و «‌عنتره‌» گاه غضب ور ز اشعار عجم خواهی و استادان خاص رو ز شعر چار تن کن چار معنی منتخب وصف را از «‌طوسی‌» و اندرز را از «‌پارسی» عشق‌را از «‌سجزی‌» و هجو از«‌ابیوردی‌» طلب اولی وصفی حقیقی‌، دومی پندی دقیق سومی عشقی طبیعی‌، چارمی هجوی عجب مادر باباشمل رفت از جهان هفته‌ای باباشمل بربست لب مرگ مادر خاطرش افسرده کرد گشت خاموش آن تنور ملتهب لیک با این‌ سوگواری‌های سخت ماتم مادر نباشد بلعجب با غم کشور، غم مادرکجاست‌؟‌! چون که‌ مرگ آمد فرامش گشت‌ تب کشوری ویران و دزدان گرم کار از خراسان تا لب شط‌ّ العرب داغ میهن داغ مادر را ز دل بسترد ، کان‌ واجبست‌ این‌ مستحب ایها البابا برفت ار مادرت جهد کن و آمرزش مادر طلب از پی تاریخ فوت مام تو دوستان جستند بیتی منتخب گوشه گیری از ادب برداشت سر گفت‌: مرگ مادر ذوق و ادب گو، ز من باد سحرگه به صفاهانی زشت که کیی تو که به رخ بسته‌ای از حیله نقاب غیرت از جنس تو برخیزد اگر برخیزد سنبل از شوره‌، می از سرکه و ماهی ز سراب
31,31,bahar,masnavibk,20,به که سردار کل جزاه الله بشنود حال بنده بی‌اکراه به که بر این فسانه دل بندد تا همی گرید و همی خندد قصهٔ من شنیدنش سهل است علم هر چیز بهتر از جهل است چون بدانی به ما چه می‌‎گذرد به فلان بینوا چه می‌‎گذرد یا بر افلاس شخص چاره کنی یا خود از مفلسی کناره کنی مفلسی‌ مردن‌ است‌ بی کم و کاست هرکه مفلس‌ شد از جهان‌ برخاست «‌بوهریره‌» همی نماید نقل این حدیث از نبی مطابق عقل کان زمانی که عهد نورانی است جاکشی بهتر از پریشانی است جاکشی همچو بار پنبه بود که به ظاهر کلفت و لنبه بود لیک چون پشت گردنت افتاد سبک و نرم یابی‌اش چون باد لیک خود مفلسی‌ چو کابوس‌ است که‌ش‌ سر و شاخ‌ و دُم‌ نه‌ محسوس است چون که‌ چسبید سخت بیخ خرت مادرت را درآرد و پدرت دیگری گفته مفلسی عرض است عرضی کاندر او بسی مرض‌ است این عرض گر فتد به جوهر فرد شود از جزء جمع اشیا طرد کسر اوقات کشت این سخنان ادبیات گشت این سخنان به کزین گفته بی‌نیاز شوم به سر شرح قصه باز شوم روس‌ها چون به مشهد رضوی قصد کردند بر زیاده‌روی بندهٔ بی‌گناه را به تشر طرد کردند از میان حشر زان سپس مردمان فهمیده همه بیرون شدند دزدیده من نهادم ز پس خراسان را گز نمودم طریق تهران را بین ره دزدهای شیرازی لخت کردندمان به طنازی ندهم شرح آنچه خود بردند کز من و غیر، هرچه‌ بُد بردند باز دارم سپاس یزدان را که نبردند گوهر جان را چون که دزدان شدند و من ماندم این رباعی به یادشان خواندم‌: دزدان‌ بیابانی قهری نبُدند خودکامه‌ و لامذهب‌ و دهری نبُدند با آن‌همه‌ طبع سرقت و بی‌رحمی بالله که چو سارقین شهری نبُدند الغرض بنده چون زن بیوه تای پا چارق‌، آن دگر گیوه دررسیدم به ری از آن ره دور خسته‌ ولوت‌ و آسمان‌جل‌ و عور نمدی بر سرم‌، معاذالله که کسی را از آن مباد کلاه بر تنم جبه‌پاره‌ای کهنه که به پالان خر زدی طعنه شده هر موی ریش من سویی تنم از رنج گشته چون مویی رُخم از رنج و اضطراب و قلق چون مه بدر، گل‌گل و ابلق بنده را دوستان بُدند بسی از خجالت نگفتم این به کسی مر مرا دوستی موافق بود درمی چند قرض و قوله نمود هیکلم را بداد تبدیلی کرد حاضر عبا و مندیلی هرکسم‌ دید، گفت‌: محتشم‌ است شیخ‌ابوالفضل‌ و خواجه بوالحکم است بی‌خبر کاین حریف پر ز ریا کهنه رندی است رفته زیر عبا الغرض ماهی این‌چنین ماندم راز خود بر کسی نیفشاندم شد سپس کیسه از دِرم خالی شد وجودم قرین بدحالی خواستم زبن بلا کناره کنم به سفر، درد خویش چاره کنم پور سردار، آجودان‌باشی گفت باید که پیش من باشی که لرستان به فال فرخنده شده ابواب جمع این بنده تو بیا تا بدان دیار شویم با هم از روی صدق‌، یار شویم من نگویم که خود چه چیز بخور آنچه من می‌خورم تو نیز بخور من که از حال خود بُدم آگاه دیده بودم بلای این یک ماه به کنایات
32,32,bahar,mosammatbk,10,انگور شد آبستن هان ای بچهٔ حور برخیز و به گهواره فکن بچهٔ انگور چندانش مهل کز دم دی گردد رنجور کامد دی و افسرد دم ماه و دم هور در هر باغ از برف و شاقی و نقیبی است بر هر شاخ از زاغ خروشی و نعیبی است شمشاد حبیبی و سیه زاغ رقیبی است وز برف شبانه به سر سرو نصیبی است آن سودهٔ سیم است که در دست نسیمست وان کوه‌، بیندوده بدان سودهٔ سیم است خورشید به‌ میغ اندر چون روی سقیم است یا در بن دربا ید بیضای کلیم است زین پیش چو عمال خزان باز رسیدند وان خیمهٔ زربفت خزان باز کشیدند دهقان پسران هر سو در باغ دویدند جز از بچگان در وی جنبنده ندیدند چون یافت کدیور گنه بچه گکان را بربست به زنجیر دوگان را و سه گا‌ن را وانگه به درون درشد و دید آن همگان را وز آن همه گان پاک بپرداخت مکان را بنهاد پس آن دخترکان را به سبد بر برد آنهمه را تفت سوی خانهٔ خود بر قومی دید آبست به پنجاه و به صد بر مسکین به غلط رفت و گمان برد به بدبر وانگاه نگه کرد بدان حال تبه‌شان زان کرده پشیمان شد و بخشود گنهشان وآورد ز چرخشت سوی خفتنگه‌شان بر روی فرو بست ز هر بیهده رهشان چون ماه چهارم شد، یک روز نهفته بشتافت بدانجا که بدند آنان خفته تا پرسد و جوید که چه بوده است و چه رفته جوید خبر زان گره خستهٔ تفته چون دید بدان بلعجبی گفت به‌ ناگاه صد سبحان‌الله و دوصد سبحان‌الله این جمله کیانند بدین آب و بدین جاه نی خورشید اینجای فراز آمده نی ماه اینانند آنان که دو سه ماه ازین پیش آوردمشان از رز زی مصطبهٔ خویش وانگه به لگد کردم پشت و برشان ریش چونان بنهادمشان یک روز کم و بیش امروز به صد عزت و تمکینند اینان با دیگر رسم و دگر آئینند اینان دلبند خوش و نغز و نگارینند اینان گوئی مگر از خلخ و از چینند اینان دهقان سپس ازکوشش و فریاد و هیاهو پیش آرد مینائی پاکیزه چو مینو برگیرد از آن بادهٔ نغز خوش نیکو کز لاله ستدگونه و از مشگ ستد بو نک آذرماه است و می حمری باید بر شعر بهاری سمن‌بری باید شاهان را آزادگی و حری باید قطران شدم اینک ز تو بونصری باید زال زمستان‌ گریخت از دم بهمن آمد اسفند مه به فر تهمتن خور به‌فلک ‌تافت‌ همچو رای ‌پشوتن آتش زردشت دی فسرد به گلشن قائد نوروز چتر آینه گون زد ماه سفندار مذ طلایه برون زد ساری منقار و ساق پای به خون زد هدهد بر فرق تاج بوقلمون زد ماه دگر نوبهار، جیش براند از سپه دی سلاح‌ها بستاند کل را بر تخت خسروی بنشاند بلبل دستانسرا نشید بخواند صدرا، ... خادم باشی کرده به تکذیب من جفنگ تراشی گوئی خود مرتشی نبوده و راشی حیفست آنجا که دادخواه تو باشی گر ره مدحش به پیش گیرم ننگست ورکنمش هجو راه قافیه تنک است صرف‌نظر گر کنم ز بسکه دبنگست گوید پای کمیت طبعم لنگ است
33,33,bahar,tarkibbk,12,باز بر شاخسار حیله و فن انجمن کرده‌اند زاغ و زعن زاغ خفته در آشیان هزار خار رسته به جایگاه سمن بلبلان را شکسته بال نشاط گلبنان را دریده پیراهن ابر افکنده از تگرگ خدنگ آب پوشیده زین خطر جوشن شد زبیغوله بوم جانب باغ شد ز ویرانه جغد سوی چمن زان چمن کاشیان جغدان شد به که بلبل برون برد مسکن کیست کز بلبل رمیده ز باغ وزگل دور مانده ازگلشن ازکلام شکوفه و نسرین وز زبان بنفشه و سوسن باز گوید به ماه فروردین که به رنجیم ز آفت بهمن به گلستان درآی و کوته کن دست بیگانگان از این مکمن ای همایون بهار طبع گشای وای از فتنهٔ زمستان وای بی‌تو دیهیم لاله گشت نگون بی‌تو سلطان باغ گشت گدای بی‌ تو شد روی سبزه خاک‌ آلود بی‌تو شد چشم لاله خون پالای تو برفتی ز بوستان و خزان شد زکافور، بوستان اندای مخزن سرخ گل برفت از دست خیمه سر و بن فتاد از پای سنبل و یاسمین بریخت ز باد لاله و نسترن نماند به جای بلبلان با فغان زارا زار قمریان با خروش ها یا های این زمان روزگار عزت تو است در عزت به روی ما بگشای باغ را زیوری دگر بر بند راغ را زینتی دگر بخشای باغ دیریست دور مانده ز تو زود بشتاب و سوی باغ گرای مژده کاید برون ز خلد برین موکب نو بهار و فروردین تا فزاید به بوستان زیور تا به بندد به شاخسار آئین تا شود شاخه بنفشه نزار تا شود پهلوی‌ شکوفه ‌سمین باغ گردد بهار خانهٔ گنگ راغ گردد نگارخانهٔ چین جای گیرد به جای لاله و گل بر سر شاخ‌، زهره و پروین گردد آراسته به در و عقیق گردن و دست لاله و نسرین درگلستان به گاه گل چیدن مشگ ریزد به دامن گل چین خیل زاغان برون روند از باغ و انجمنشان شود فراق و انین باغبان آید از بهشت فراز تا کند باغ را بهشت آئین باغ را باغبان همی باید واین چنین گفته‌اند اهل یقین ای گروهی که انجمن دارید یک زمان گوش سوی من دارید دل ز کید و نفاق برگیرید گر بدل مهر خوبشتن دارید در پی سیرت حسن کوشید گرچه خود صورت حسن دارید دگران نیز انجمن دارند گر شما نیز انجمن دارید همه دارند عقل و دین و شما جهل و تذویر و مکر و فن دارید می‌شنیدم ز ابلهان که شما سر آزادی وطن دارید لیک زینسان که من همی بینم سر آزار مرد و زن دارید گر سخنتان گزافه نیست چرا این‌چنین زبر لب سخن دارید هرکه بیند گه سخن‌، گوید آلوی خشک در دهن دارید پند من بشنوید اگر در دل دانش و فضل‌، مختزن دارید آوخ از محنت و عنای شما وای از رنج و ابتلای شما برخ خلق باب فتنه گشود مجلس شوم فتنه زای شما ای گروهی که مؤذن تقدیر زد به بی‌دولتی صلای شما ای گدایان که برتری جوید بر شما باشی گدای شما باشی کوسج سیه که نهاد به نفاق و غرض بنای شما هست بیگانه ازکمال و خرد وی بقای خرد فنای شما بی‌بها مانده‌اید
34,34,bahar,tarjeebk,8,شاهی به میان آمد و شاهی ز میان رفت صد شکر که‌ این‌ آمد و صد حیف که آن رفت تیری به کمان آمد بر قصد دل خصم هم گر به خطا ناگه تیری ز کمان رفت سلطان جوان آمد شاد و خوش و پیروز وان انده دیرین ز دل پیر و جوان رفت آمد ملکی راد که از آمدن او از عیش‌، نوید آمد و از رنج‌، نشان رفت در آمدن این شه و در رفتن آن شاه بیتی به زبان آمد کاوّل به زبان رفت المنّه لله که جهان باز جوان شد وین شاه فلک مرتبه سلطان جهان شد جم رتبه محمدعلی آن شاه جوان‌بخت کز فر وی این ملک کهن گشته‌، جوان شد شاهی که به عهدش به جهان فتنه اگر بود در دیدهٔ فتان بتان رفت و نهان شد بسترد کفش خاک غم از روی جهان لیک خاک غم او بر سر گنجینه و کان شد بگزید چو بر مسند و اورنگ پدر جای این گفته ملک را به فلک ورد زبان شد امروز به جز شادی کار دگری نیست کز دوحهٔ‌ اندوه به جز انده ثمری نیست زین‌ آمده‌ دل خوش کن و زان رفته مخور غم کز آمده و رفتهٔ گیتی خبری نیست ای ترک بدین مژده بده باده که امروز ما را به جز این ره سوی وصلت گذری نیست آنجا که تو را تیر نظر در پی صید است اهل نظری نیست که صید نظری نیست لیکن ز میان رفت حدیث تو که امروز در دهر جز این نکته حدیث دگری نیست هر روز به دست دگری تاج و نگین بود تا هست چنین باشد و تا بود چنین بود آمد ملکی کش غم ملک و غم دین است بگذشت شهی کش غم ملک و غم دین بود این شاه در ایوان شهی صدرنشین گشت وآن شاه در ایوان شهی صدرنشین بود برتخت شهی این شه منصور، مکین باد چونان که مظفر شه مغفور، مکین بود زین قصه‌ وز آن غصه‌ به هر جا که‌ سخن رفت پایان سخن را چو بدیدی نه جز این بود جشنی اگر امروز بدین مژده بباید نیکوتر و زیباتر از این جشن نشاید جشنی و به صدر اندر بنشسته امیری کز خوی نکو زنگ غم از دل بزداید فخرالامرا آصف دولت که ز جودش حاتم به تحیر سر انگشت بخاید فرمانده خاور که ز عدل و سخط او تیهو بچه صید ازکف شاهین برباید آراسته امروز یکی بزم که در وی هر دم به میان این سخن نادره آید تا هست جهان‌، خسرو ما شاه جهان باد با فر جهانداری و با بخت جوان باد دیروز ملک زاده و امروز ملک گشت یک قرن چنین بود و دوصد قرن چنان باد تا بود به عیش تن وآسایش جان بود تا باد به عیش تن و اسایش جان باد در سایهٔ او آصف دولت به خراسان ایمن ز غم و محنت و آسیب زمان باد وین بنده بهارش به جهان مدح سراباد وین گفته ز من در سخن خلق روان باد می ده که طی شد دوران جانکاه آسوده شد ملک‌، الملک‌لله شد شاه نو را اقبال
35,35,bahar,mostazadbk,8,اهلا و سهلا ای نسیم بهار ای قاصد زلف یار از زلف یار آیی چه داری بیار ای کاروان تتار گویی هنوز ای نفخهٔ مشکبار هست آن سیه زلف یار گو هنوز آن بستگی‌های دل نگشوده از پای او وآن کنج ویران است مأوای دل رنج است کالای او دلبر ندارد هیچ پروای دل غافل ز غوغای او نی نی خطا گفتی چنین نیست راز نرد تخطی مباز کز جور دل‌ها سر کشیده است باز آن زلف دستان طراز کوته شدش از جور دست دراز دستان دیگر نبواز وصل آمد و بگذشت ایام هجر معدوم شد نام هجر زهری که پنهان بود در جام هجر شد جمله در کام هجر یک سر گذشت آغاز و انجام هجر برچیده شد دام هجر بگذشت آن کز دستبرد رقیب نالان شود جان ما گردد پریشان‌تر ز زلف حبیب حال پریشان ما گل را نباشد ناز بر عندلیب اندر گلستان ما بگذشت آن کافراسیاب خزان آید به ملک چمن کآذر مهش آ‌ذر فروزد به جان با نیروی تهمتن بگذشت آن کز جانب مهرگان تازد به تل و دمن با گلبنان باغ بربست دی عهدی به فال سعید کاندر چمن تازد دگرباره وی چپش از قریب و بعید گر بشکند عهد از ره جهل و غی ترسم چو عبدالحمید خوش باشد ار زین شاه گیرند پند شاهان پیمان‌شکن سبلت نخایند از ره ریشخند بر ملت خویشتن بندند بر ملت در چون و چند بی‌حیله و مکر و فن والله خیرالماکرین گفت حق رو مکر و افسون مکن از مکر، دم درکش چنین گفت حق حق را دگرگون مکن پیمان‌شکن را خصم دین گفت حق چندین چه و چون مکن ای ملت عثمانی ای رویتان پیوسته روی خدا ای ملت عثمانی ای سویتان همواره روی خدا بشکسته از نیروی بازویتان پشت عدوی خدا شد مایهٔ رادی و فرزانگی جِیشِ سِلانیکتان دست ستم از دشمن خانگی بربسته پلتیکتان رانند تحسین‌ها به مردانگی از دور و نزدیکتان چتر (‌ترقی‌)‌تان برازنده شد از نعمت (‌اتحاد) بنیاد (‌اقدام‌) عدو کنده شد از همت اتحاد ایرانیان را جان و دل زنده شد از خدمت اتحاد گشت از شما بنیاد ایمان متین رحمت بر ایمانتان وز کارکرد جان‌فشانان دین فرخنده شد جانتان سلطان نو جستید صد آفرین بر جان سلطانتان شاه رعیت‌پرور نامور سلطان محمد رشاد سلطان والا اختر دادگر منظور جان عباد کردار او باشد در اول نظر پیرایهٔ اتحاد سلطان محمدخان خامس که بخت پیوسته جوید درش در باغ اسلامی تناور درخت شخصِ خردپرورش زببندهٔ خرگاه و دیهیم و تخت ذات همایون‌فرش شاهی که خیزد نور شهزادگی از جبههٔ پاک او ماهی که تابد مهر آزدگی از چرخ ادراک او مایل به درویشی و افتادگی طبع طربناک او ای دوحهٔ سلجوقیان بی‌گزند از چون تو زیبا ثمر وی نام عثمان‌خان غازی بلند از چون تو والا پسر ای از تو در خلد برین شادمند سنجر شَهِ نامور دانی که یکسانند نوع بشر اندر حقوق خودی غصب حقوق خلق در هر نظر باشد ز نابخردی عدل و مساوات است نعم‌السیر در مذهب ایزدی عبدالحمید از جهل مبرم چه دید جز بند و مسمار جهل وز جور و استبداد جز غم چه
36,36,bahar,4parebk,5,از بر این کرهٔ پست حقیر زیر این قبهٔ مینای بلند نیست خرسند کس از خرد و کبیر من چرا بیهده باشم خرسند شده‌ام در همه اشیا باریک رفته تا سرحد اسرار وجود چیست هستی‌؟ افقی بس تاریک وندر آن نقطهٔ شکی مشهود بجز آن نقطهٔ نورانی شک نیست در این افق تیره فروغ عشق بستم به حقایق یک‌یک راست گویم ‌همه ‌وهم ‌است‌ و دروغ‌ غیر وهمیم نیاید به‌نظر غم و شادی‌ خوش‌ و ناخوش ‌بد و خوب نکندکوکبهٔ صبح دگر در برم جلوه‌، نه تشییعِ غروب فکر عصیان زدهٔ مستاصل محو گرداب یکی روح عظیم چون یکی کشتیِ بشکسته دکل پیش امواج حوادث تسلیم خلق را کرده طبیعت ز ازل بدو قانون پلید ارزانی سرّ تأثیر وراثت‌، اول رمز تاثیر تعلم‌، ثانی روح من گر ز نیاکان من است ای خدا پس من بدبخت که‌ام و گر این ‌روح و خرد زان من است بستهٔ بند وراثت ز چه‌ام یک نیا عابد و عارف مشرب یک نیا لشگری و دیوانی پدرم شاعر و من زین سه نسب شاعر و لشکری و روحانی جد من تاجر و زین روی پدر در من آهنگ تجارت فرمود اثر تربیتش گشت هدر لیک بر روح من آسیب افزود من نه زاهد نه محاسب نه ظریف من نه تاجر نه سپاهی نه ندیم به همه باب حریف و نه حریف به همه کار علیم و نه علیم سخت چون سنگ و سپهر غماز هر دمم بر جگر افکنده خدنگ گونی از بهر نشان‌، تیرانداز هدفی سرخ نشانیده به سنگ بیایید ای کبوترهای دلخواه سحرگاهان که این مرغ طلایی بپرید از فراز بام و ناگاه ببینمتان به قصد خودنمایی بدن کافورگون پاها چو شنگرف فشاند پر ز روی برج خاور به گرد من فرود آیید چون برف کشیده سر ز پشت شیشهٔ در فرو خوانده سرود بی گناهی کشیده عاشقانه بر زمین دم به گوشم‌، با نسیم صبحگاهی نوید عشق آید زان ترنم سحرگه سرکنید آرام آرام نواهای لطیف آسمانی سوی عشاق بفرستید پیغام دمادم با زبان بی‌زبانی مهیا ای عروسان نو آیین که بگشایم در آن آشیان من خروش بال‌هاتان اندر آن حین رود از خانه سوی کوی و برزن شود گوبی در از خلد برین باز چو من بر رویتان بگشایم اندر کنید افرشته‌وش یکباره پرواز به گردون دوخته ‌پر، یک به دیگر شوند افرشتگان از چرخ نازل به‌ زعم مردمان باستانی شما افرشتگان از سطح منزل بگیرید اوج و گردید آسمانی نیاید از شما در هیچ حالی وگر مانید بس بی ‌آب و دانه نه فریادی و نه قیلی و قالی بجز دلکش سرود عاشقانه فرود آیید ای یاران از آن بام کف‌‌اندر‌کف‌زنان و رقص‌رقصان نشینید از بر این سطح آرام که‌ اینجا نیست جز من هیچ انسان بیایید ای رفیقان وفادار من اینجا بهرتان افشانم ارزن که دیدار شما بهر من زار به است از دیدن مردان برزن سیصد و شصت و پنج‌ و ربعی روز مدت سال بود و هست مدام ماه سی روز بود و پنج دگر بد به پایان سال‌، پنجی نام گشت پنجی فزوده آخر سال طبق آداب و سنت دیرین بعد از آن پنج جشن
37,37,bahar,robaeebk,20,اقسام سخن چهار باشد همه جا فخر است ‌و مدیح‌ است ‌و نسیب ‌است و هجا از فخر و نسیب و مدح من بردی سود وقت است که از هجا نشانمت بجا از خصم کشیدن به وفا جور و جفا برهان نزاکت است و دستور صفا در کشور ما اصل نزاکت این است واویلا وامصیبتا وا اسفا آزادی ماست اصل آبادی ما این است نتیجهٔ خدادادی ما آزاد بزی ولی نگر تا نشود آزادی تو رهزن آزادی ما مخلوق جهان به گرگ مانند درست با قادر عاجزند و بر عاجز چست سستند به گیرودار چون باشی سخت سختند به کارزار چون باشی سست از دامن کوه لاله ناگه برجست گلگون‌رخی و تیشهٔ سبزی در دست با فرق سر دریده گویی فرهاد از خاک برون آمد و بر سنگ نشست بر دامن دشت بنگر آن نرگس مست چشمی به ره و سبزه‌ عصایی در دست گویی مجنون به انتظار لیلی از گور برون آمد و بر سبزه نشست ستار غیور ارجمندیت بجاست قانون‌طلبی و حق‌پسندیت بجاست از صدمت پا منال و کوتاهی گام خوشبخت نشین که سربلندیت بجاست پرهیز از خود که جای پرهیز اینجاست وز کس مطلب چیز که هر چیز اینجاست تا چند پی راز خدا می گردی راز دل خود جو که خدا نیز اینجاست تا بُخل و حسادت به‌ جهان راهبر است آزاده ذلیل و راستگو در خطر است خون تو مدرسا هدر گشت بلی خونی که شبی گذشت بر وی هدر است هان ای وکلا فضل خدا یار شماست آسایش ما به حس بیدار شماست در کار بکوشید خدا را کامروز چشم و دل و گوش خلق در کار شماست امروز نه کس ‌ز عشق آگه چو من است کز شکّر عشقم‌ همه‌ شیرین ‌سخن‌ است در هر مژهٔ من به ره خسرو عشق نیروی هزار تیشهٔ کوهکن است آیین جهان طبل جفا کوفتن است خایسک بلا بر سر ما کوفتن است این کشتن و این کشته شدن مردان راست کانجا که زنست رقص و پا کوفتن است من برگ گلم باغ شبستان من است وآن‌ بلبل خوش‌ لهجه غزلخوان من‌ است نوباوهٔ شب که شبنمش می‌خوانند هر صبح به نیم‌ بوسه مهمان من است خوش باش که گیتی نه برای من و توست وین کار برون ز ماجرای من و توست در خلقت عالم نبود مقصودی قصدی هم اگر بود ورای من و توست ادوارد براون فاضل ایران‌دوست کش فکر نکو،قول نکو، فعل نکوست از مردم انگلیس بر مردم پارس گر مرحمتی بود همین تنها اوست ارباب که صنعت وجاهت فن اوست خون فقرا تمام بر گردن اوست طاوس بهشت است به صورت لیکن ابلیس نهفته زیر پیراهن اوست برخاست خروس صبح برخیز ای دوست ز انگور بگیر خون و ده در رگ و پوست عشق من و تو قصهٔ مشت است و درفش جور تو و دل صحبت سنگ است و سبوست در ماتمت ای‌ ملک‌، ملک خون بگریست وز سوز تو در افق فلک خون بگریست تا خاک‌نشین شدی تو ای گنج کمال زین‌ غصه سماک‌ بر سمک خون بگریست این قلب که محزون‌تر از او پیدا نیست وین چشم که پر خون‌
38,38,ghaani,ghasidegh,20,دوشم ندا رسید ز درگاه‌ کبریا کای بنده‌ کبر بهتر از این عجز با ریا خوانی مرا خبیر و خلاف تو آشکار دانی مرا بصیر و نفاق تو برملا گر دانی‌ام بصیر چرا می‌کنی‌ گنه ور خوانی‌ام خبیر چرا می‌کنی خطا ما گر عطا کنیم چه خدمت‌ کنی به خلق خلق ار کرم‌ کنند چه منت بری ز ما ماییم خالق تو چو حاصل شود تعب خلقند خواجهٔ تو چو واصل شود عطا اجرای من خوری و کنی خدمت امیر روزی من بری و کشی منت‌ کیا گه چون عسس مدارت از خون بی‌کسان گه چون مگس قرارت بر خوان اغنیا گاهی چو کرم پیله‌ کشی طیلسان به سر گاهی ز روی حیله‌ کنی پیرهن قبا یعنی به جذبه‌ایم نه شوریده از جنون یعنی به خلسه‌ایم نه پیچیده در ردا تا کی شود به رهگذر جرم ره سپر تا کی‌ کنی به معذرت جبر اکتفا گویی‌ که جبر باشد و باکت نه از گنه دانی‌ که جرم داری و شرمت نه از خدا آخر صلاح را نبود فخر بر فجور؟ آخر نکاح را نبود فرق از زنا؟ مقتول را ز قاتل باطل بود قصاص مظلوم را ز ظالم لازم بود جفا کس‌ گفت رنگها همه در خامهٔ قدر کس‌ گفت ننگها همه در نامهٔ قضا در گردش است لعبت و لعاب در کمین در جنبش است خامه و نقاش در قفا میغست در تصاعد و قلاب آفتاب کاهست در تحرک و جذاب‌ کهربا دیو از برای آنکه به خویشت شود دلیل نفس از برای آنکه ز کیشت‌ کند جدا آن از طریق شرع‌ کند با تو دوستی وین در لباس زهد شود با تو آشنا آن نرم نرم شبههٔ باطل‌ کند بیان وین خند خند نکتهٔ ناحق‌ کند ادا آن طعنه‌ گو که یاوری دین ذوالمنن وین خنده زن‌ که پیروی شرع مصطفا گر جز قبول ملت اجداد کو دلیل؟ ور جز وثوق عادت اسلاف‌ کو گوا؟ این‌ گویدت همی به تجاهل‌ که حق‌ کدام‌؟ وین راندت همی به تعرص‌ که رب‌ کجا؟ این دزد کاروان و تو مسکین‌ کاروان آن رند و اوستا و تو نادان روستا آن آردت ز مسلک توحید منصرف وین آردت به مهلک تزویر رهنما تو در میانه هایم و حیران و تن‌زده آکنده از سفاهت و آموده از عما بر دیدهٔ خلوص تو حاجب شود هوس بر آتش نفاق تو دامن زند هوا سازد تو را به شرک خفی دیو ممتحن آرد تو را به‌ کفر جلی‌ نفس مبتلا نفس تو را کسالت اصلی شود معین طبع ترا جهالت فطری شود غطا گویی‌ گه صلوه‌ که شرعست ناپسند رانی‌ گه زکوه‌ که دین است ناروا تا رفته رفته دغدغهٔ دل شود قوی تا لمحه لمحه تقویت دل‌ کند قوا گویی به‌ خود که‌ رب ز چه‌ رفتست‌ در حجاب رانی‌ به دل‌ که حق ز چه ماندست در خفا گر زانکه هست‌، حکمت پنهان شدن‌ کدام ور زانکه نیست پیرو فرمان شدن چرا تا چند مکر و دغدغه‌ای دیو زشت‌خو تا چند کفر و سفسطه‌ای مست ژاژخا بر بود من دلیل بس این چرخ‌ گردگرد بر ذات من‌ گواه بس این دیر دیرپا کوبنده‌ای
39,39,ghaani,ghazalgh,20,صدشکر گو‌یم هر زمان هم‌ چنگ را هم‌ جام را کاین هر دو بردند از میان هم ننگ را هم نام را دلتنگم از فرزانگی دارم سر دیوانگی کز خود دهم بیگانگی هم خاص را هم عام را خواهم جنونی صف شکن آشوب جان مرد و زن آرد به شورش تن به تن هم پخته را هم خام را چون مرغ پرد از قفس دیگر نیندیشد ز کس بیند مدام از پیش و پس هم دانه را هم دام را قاآنی ار همت کنی دل از دو عالم برکنی یکباره درهم بشکنی هم شیشه را هم جام را زین پس به کار ناید رطل و سبو مرا ساقی به خم می بنشان تا گلو مرا لخت جگر کباب کنم خون دل شراب کاین بد غرض ز امر کلوا و اشربوا مرا من هر چه باده‌ نوش کنم نور جان شود نهی است بهر تجربه لاتسرفوا مرا یا می مده مرا ز سبو یا اگر دهی راهی ز خم می بگشا در سبو مرا خمی بساز از گل صلصال و آب فیض وانگوروار سر ببر اول در او مرا چندی بپوش آن سر خم را که بگسلد یکباره از حلاوت تن آرزو مرا چون رفت آن حلاوت و تلخی شد آشکار آن تلخیی که هست حلاوت از و مرا لتها زند به چوب بلا عشق بر سرم تا خیزد از درون نفس مشکبو مرا جان از هزار ساله ره آید نموده کف شادی کنان که آن تن ناپاک کو مرا تا خون او به چشم ببینم که ‌کرده کف ناید به لب کف از طرب های و هو مرا عشق غیور کف کند از خشم و گویدش من خود همان تنم که ‌تو خواندی ‌عدو مرا کشتم برای مصلحتی خویش را که عقل نشناسدم ز بس نگرد تو به تو مرا اکنون تو را کشم که نگویی به هیچ کس این سر به‌ مهر حکمت راز مگو مرا مستت کنم ز باده و می را کنم حرام تا بوی باده پرده کشد پیش رو مرا هشتاد تازیانه زنم بر تو وقت هوش در مستی ار به عقل شوی رازگو مرا کاین‌ عقل جزوی از پی نظم معاش هست محتاط شحنه‌ای به سر چارسو مرا ساقی کنون که قدر من و می شناختی حوضی ز می بساز و در او کن فرو مرا تلخ آیدم به کام به جز باده هر چه هست کز عهد مهد دایه به می داده خو مرا آلایش دو کونم اگر هست باک نیست می آب رحمتست و دهد سشت و شو مرا در عمر یک نماز شهادت مرا بس است آن دم که چون علی بود از خون وضو مرا چون موی شیر زرد و نزارم مبین‌ که هست صد شیر شرزه بسته به هر تار مو مرا از بیم عشق لالم و ترسم که برجهد دل بر سر زبان به دل گفتگو مرا آسوده هست جانم و آلوده پیکرم تا زشت زشت بیند و نیکو نکو مرا سر بسته جوی آبم در زیر پای تو هرگز نجوییم چو بینی بجو مرا گر عکس من در آینهٔ وهم تست زشت با وهم خود قیاس‌ مکن ای
40,40,ghaani,mosammatgh,6,بنفشه رسته از زمین به طرف جویبارها و یا گسسته حور عین ز زلف خویش تارها ز سنگ اگر ندیده‌ای چسان جهد شرارها به برگ‌های لاله بین میان لاله‌زارها ندانما ز کودکی شکوفه از چه پیر شد نخورده‌ شیر عارضش چرا به رنگ شیر شد گمان برم که همچو من به دام غم اسیر شد ز پا فکنده دلبرش چه خوب دستگیر شد درین بهار هرکسی هوای راغ داردا به یاد باغ طلعتی خیال باغ داردا به تیره شب ز جام می به کف چراغ داردا همین دل منست و بس که درد و داغ داردا بهار را چه می کنم چو شد ز بر بهار من کناره کردم از جهان چو او شد از کنار من خوشا و خرم آن دمی که بود یار یار من دو زلف مشکبار او به چشم اشکبار من غزال ‌مشک‌موی من ز من خطا چه دیده‌ای که همچو آهوان چین از آن خطا رمیده‌ای بنفشه‌بوی من چرا به حجره آرمیده‌ای نشاط سینه برده‌ای بساط کینه چیده‌ای به صلح درکنارم آ، ز دشمنی کناره کن دلت ره ار نمی‌دهد ز دوست استشاره کن و یاچو سُبحه رشته‌ای ز زلف خویش‌ پاره کن بر او ببند صدگره وزان پس استخاره کن نه دلبری که بر رخش به یاد او نظرکنم نه محرمی که پیش او حدیث عشق سر کنم نه همدمی که یک دمش ز حال خود خبر کنم نه بادهٔ محبتی کزو دماغ تر کنم کسی نپرسدم خبر که کیستم چکاره‌ام نه مفتیم نه محتسب نه رند باده خواره‌ام نه خادم مساجدم نه مؤْذن مناره‌ام نه کدخدای جوشقان نه عامل زواره‌ام بهشت را چه می کنم بتا بهشت من تویی بهار و باغ من تویی ریاض و کشت من تویی بکن هر آنچه می کنی که‌ سرنوشت من تویی بدل نه غایبی ز من که در سرشت من تویی دمن ز خندهٔ لبت عقیق‌زا، یمن شود یمن ز سبزهٔ خطت به خرمی چمن شود چمن ز جلوهٔ رخت پر از گل و سمن شود سمن چو بنگرد رخت به جان و دل شمن شود به پیش شکرین لبت چه دم زند طبرزدا که با لبت طبرزدا به حنظلی نیرزدا خیال عشق روی تو اگر زمین بورزدا ز اضطراب عشق تو چو آسمان بلرزدا بت دو هفت سال من مرا می دو ساله ده ز چشم خویش می‌فشان ز لعل خود پیاله ده نگار لاله چهر من میی به رنگ لاله ده ز بهر نقل بوسه‌ای مرا به لب حواله ده بهل کتاب را بهم که مرد درس نیستم نهال را چه می کنم که ز اهل غرس نیستم شرابم آشکار ده که مرد ترس نیستم به‌حفظ کشت عمرخود کم از مترس‌ نیستم من ار شراب ‌می‌خورم به‌ بانگ کوس می‌خورم به بارگاه تهمتن به بزم طوس‌ می‌خورم پیاله‌های دَه منی علی رؤوس می‌خورم شراب ‌گبر می‌چشَم می مجوس می‌خورم الا چه سال‌ها که من می و ندیم داشتم چو سال تازه می‌شدی می قدیم داشتم پیاله‌ها و جام‌ها ز زرّ و سیم داشتم دل جواد پر هنر کف کریم داشتم کنون هم ار چه مفلسم ز دل نفس نمی‌کشم به هیچ روی منّتی ز
41,41,ghaani,tarkibgh,14,امروز ای غلام به از عیش‌ کار نیست برگیر زین ز رخش که روز شکار نیست تا می نگویی آنکه خداوند کاهلست کان کاهلی که نز پی کارست عار نیست انده مدار اگر نشدیم ای پسر سوار کانکس پیاده است که بر می سوار نیست ها صید من تویی چه گرایم به سوی صید صیدی به حضرتست که در مرغزار نیست گور و گوزن و کبک و غزالم تویی به نقد تنها تو هر چهاری اگر هر چهار نیست گر گویم ای غلام که داری سرین گور هرگز سرین گور چنین بردبار نیست باکشَی غزالی و با جلوه گوزن نی نی که کمانکش و این میگسار نیست ور خوانمت غزال بیابان به خط و خال هرگز غزال درخور بوس و کنار نیست خیز ای پسر به خادم خلوتسرا بگوی کامروزه ره به بزم خداوندگار نیست ور آسمان به حضرت ما آورد نیاز خادم کند اشاره که امرو‌ز بار نیست اِنها کند که حضرت قاآنی است این جبریل را نخوانده براین‌ درگذار نیست او مدح خوان شاه جهانست لاجرم کس در همه زمانه بدین اعتبار نیست ما ای ندیم دولت خویش‌ آزموده‌ایم لختی ز روزگار به سختی نبوده‌ایم ماگاه کف به سوی بط باده برده‌ایم ما گاه لب به لعل بت ساده سوده‌ایم بر دل گشاده مرد نگیرد زمانه تنگ نهمار این سخن ز بزرگان شنوده ایم ترکی که خنده بر رخ قیصر نمی‌‎کند ما صدهزار بوسه ز لعلش ربوده‌ایم شوخی که کفش بر س‌ر خاقان نمی‌زند ما صدهزار شب به کنارش‌ غنوده‌ایم ماهی که شاه را به گدایی نمی‌برد ما بارها به بوس لبش را شخوده ایم با ابرویی که چون دم شیرست پر گره بازی کنان شجاعت خویش آزموده‌ایم و‌ز طره‌ای که چون تن مارست پر شکنج ما صدهزار چین به فراغت گشوده‌ایم از خود چو آبگینه نداریم هیچ نقش وز طبع ساده نقش دو عالم نموده‌ایم در عین سادگی همه نقشیم از آن قبل کز زنگ حرص آینهٔ دل زدوده‌ایم در بارگاه شه به ارادت ستاده‌ایم و اقبال خویش را به سعادت ستوده‌ایم خیزید یک قرابه مرا می بیاورید هی من خورم شراب و شما هی بیاورید شاهانه خورد باید مهی را به های و هوی طنبور و ارغنون و دف و نی بیاورید تا با نفس پیاله شد آمد کند به کام همچون نفس پیاله پیاپی بیاورید زآن بارگیر روح که نارفته در گلو چون خون فرو رود برگ و پی بیاورید زان دست پخت عقل که چون نور اولیا زی رشد رهنما شود از غیّ بیاورید زان جوهری که از نفحات نسیم او بی‌نفخ صوره مرده شود حی بیاورید زان شربتی که درگلوی نحل اگر کنند بر جای نوش هوش کند قی بیاورید زان پیبشر‌ که طرهٔ طومار عمر من چون زلف تابدار شود طی بیاورید طبعم ز ران شیر کباب آرزو کند هان هیزمش ز تخت جم و کی بیاورید در قم شراب نیست حریفان خدای را برتر نهید گامی و از ری بیاورید مانا شراب ری ندهد مر مرا کفاف یک زنده رود باده‌ام از جی بیاورید ور جام باده در دهن‌ اژدها در است همت کنید و از دهن وی بیاورید بی‌خویش مدح
42,42,ghaani,robaeegh,20,از کشت عمل بس است یک خوشه مرا در روی زمین بس است یک گوشه مرا تا چند چو گاو گرد خرمن گردیم چون مرغ بس است دانه‌ای توشه مرا دوشینه فتادم به رهش مست و خراب از نشوهٔ عشق او نه از بادهٔ ناب دانست که عاشقم ولی می‌پرسید این کیست کجاییست چرا خورده شر‌اب این دل که به شهر عشق سرگشتهٔ تست بیمار و غریب و دربدر گشتهٔ تست برگشتگی بخت و سیه‌روزی او از مژگان سیاه برگشتهٔ تست تا قبلهٔ ابروی تو ای یار کج است محراب دل و قبلهٔ احرار کج است ما جانب قبلهٔ دگر رو نکنیم آن قبله ماست گرچه بسیار کج است ابروی کجت که دل برو مشتاقست محراب شهان و قبلهٔ آفاقست طاقست ولی به دلنشینی جفتست جفتست ولی ز بیقرینی طاقست آراسته جنتی که این روی منست افروخته دوزخی که این خوی منست شمشیر جهانسوز بهادر شه را دزدیده که این کمان ابروی منست آمد مه شوال و مه روزه گذشت و ایام صیام و رنج سی روزه گذشت صد شکر خدا که روزی روزهٔ ما گاهی به غنا و گه به دریوزه گذشت تا دل به برم هوای دلبر دارد افسانهٔ عشق دلبر از بر دارد دل رفت ز بر چو رفت دلبر آری دل از دلبر چگونه دل بردارد گر چرخ جفا کرد چه می‌باید کرد ور ترک وفا کرد چه می‌باید کرد می‌خواست دلم که بر نشان آید تیر چون تیر خطا کرد چه می‌باید کرد زلفین سیه که بر بناگوش تواند سر بر سر هم نهاده همدوش تواند ساید سر از ادب به پایت شب و روز آری دو سیاه حلقه در گوش تواند در میکده مست از می نابم کردند سرمست ز جرعهٔ شرابم کردند ای دوست به چشمهای مست تو قسم جامی دو سه دادند و خرابم کردند یک عمر شهان تربیت جیش کنند تا نیم نفس عیش به صد طیش کنند نازم به جهان همت درویشان را کایشان به یکی لقمه دوصد عیش کنند آشفته سخن چو زلف جانان خوشتر چون کار جهان بی سر و سامان خوش تر مجموعهٔ عاشقان بود دفتر من مجموعهٔ عاشقان پریشان خوشتر آن نرگس مست فتنه‌انگیز نگر آن خنجر مژگان بلاخیز نگر در عهد ملک که باده مستی ندهد اندر کف مست خنجر تیز نگر بر روز ستاره تا کی افشانی بس در روز ستاره بالله ار بیند کس دهرت ز مراد خویش دارد محروم یا دست جهان ببند یا پای هوس تا یار مرا ربوده از هستی خویش واقف نیم از بلندی و پستی خویش آنگونه ز جام عشق مستم دارد کآگاه نیم ز خویش و از مستی خویش گفتم به زن نظام کای لولی شنگ خواهم که به چاله‌ات فروکوبم دنگ خیاط‌صفت لباس الفت ببریم من از گز کیر و تو ز مقراض دو لنگ با آنکه هنوز از می دوشین مستم در مهد طرب به خواب نوشین هستم ای دست خدا بگیر لختی دستم کز سخت‌دلی و سست‌بختی رستم تا دل به هوای وصل جانان دادم لب بر لب او نهادم و جان دادم خضر ار ز لب چشمهٔ حیوان جان یافت من جان به
